"camp_label","service_company_name","office_number","nationality","service_center_name","piligrim_type","transport_mode
","platform_name","number_of_piligrim"
1/608,ابراج شركة مكه,11,الفلبين,11,external,ترددي,,5353
10/44,ابراج شركة مكه,6,الامارات,6,external,قطار,,3300
11/408,ابراج شركة مكه,8,السنغال,8,external,ترددي,,3519
12/643,ابراج شركة مكه,3,الأردن,3,external,تقليدي رد,,4106
13/408,ابراج شركة مكه,9,السنغال,9,external,ترددي,,3177
14/44,ابراج شركة مكه,5,الامارات,5,external,قطار,,3114
2/15,ابراج شركة مكه,44,الأردن,44,external,تقليدي رد,,748
2/204,ابراج شركة مكه,4,الأردن,4,external,تقليدي رد,,673
2/632,ابراج شركة مكه,14,سوريا,14,external,تقليدي رد,,3271
24/56,ابراج شركة مكه,7,قطر,7,external,قطار,,4620
3/550,ابراج شركة مكه,101,مجاملة,101,external,ترددي,,2529
36/204,ابراج شركة مكه,15,سوريا,15,external,تقليدي رد,,3570
4/421,ابراج شركة مكه,101,مجاملة,101,external,ترددي,,2584
4/632,ابراج شركة مكه,16,سوريا,16,external,تقليدي رد,,3801
40/50,ابراج شركة مكه,12,الكويت,12,external,قطار,,5040
5/204,ابراج شركة مكه,2,الأردن,2,external,تقليدي رد,,3825
5/550,ابراج شركة مكه,101,مجاملة,101,external,ترددي,,2389
5/563,ابراج شركة مكه,101,مجاملة,101,external,ترددي,,1445
6/204,ابراج شركة مكه,1,الأردن,1,external,تقليدي رد,,3789
8/421,ابراج شركة مكه,10,السنغال,10,external,ترددي,,2677
9/44,ابراج شركة مكه,13,الكويت,13,external,قطار,,3200
E/206,ابراج شركة مكه,201,متنوع,201,external,تقليدي رد,,366
1/643,إثراء الجود,9,روسيا,9,external,ترددي,,3789
12/524,إثراء الجود,10,متنوع,10,external,تقليدي رد,,3852
16/524,إثراء الجود,4,بوركينافاسو,4,external,ترددي,,3467
2/427,إثراء الجود,5,غانا,5,external,ترددي,,3342
3/427,إثراء الجود,13,غانا,13,external,ترددي,,3447
3/643,إثراء الجود,8,روسيا,8,external,ترددي,,3625
5/524,إثراء الجود,11,بوركينافاسو,11,external,ترددي,,3312
6/641,إثراء الجود,7,متنوع,7,external,ترددي,,3664
9/408,إثراء الجود,12,كينيا,12,external,ترددي,,3746
A1/527,إثراء الجود,2,مالي,2,external,ترددي,,3168
A2/527,إثراء الجود,3,مالي,3,external,ترددي,,3264
A3/527,إثراء الجود,1,مالي,1,external,ترددي,,3168
T5/527,إثراء الجود,6,متنوع,6,external,ترددي,,350
1/513,اثراء الخير,35,الهند,35,external,قطار,,5535
1/628,اثراء الخير,34,الهند,34,external,تقليدي رد,,2358
12/202,اثراء الخير,7,الهند,7,external,قطار,,3589
14/202,اثراء الخير,8,الهند,8,external,قطار,,3259
16/202,اثراء الخير,9,الهند,9,external,قطار,,2741
2/207,اثراء الخير,20,الهند,20,external,تقليدي رد,,3940
25/56,اثراء الخير,2,الهند,2,external,قطار,,3489
28/62,اثراء الخير,1,الهند,1,external,قطار,,2740
29/62,اثراء الخير,4,الهند,4,external,قطار,,3481
3/616,اثراء الخير,33,الهند,33,external,تقليدي رد,,2750
3/639,اثراء الخير,31,الهند,31,external,تقليدي رد,,4480
32/62,اثراء الخير,3,الهند,3,external,قطار,,3491
33/62,اثراء الخير,6,الهند,6,external,قطار,,3701
39/56,اثراء الخير,12,الهند,12,external,قطار,,3335
39/62,اثراء الخير,10,الهند,10,external,قطار,,2836
4/207,اثراء الخير,19,الهند,19,external,تقليدي رد,,4711
4/25,اثراء الخير,29,الهند,29,external,تقليدي رد,,4315
42/62,اثراء الخير,11,الهند,11,external,قطار,,3329
44/68,اثراء الخير,22,الهند,22,external,تقليدي رد,,3984
48/68,اثراء الخير,23,الهند,23,external,تقليدي رد,,3351
49/62,اثراء الخير,13,الهند,13,external,قطار,,3842
5/616,اثراء الخير,32,الهند,32,external,تقليدي رد,,2974
50/68,اثراء الخير,24,الهند,24,external,تقليدي رد,,4496
51/62,اثراء الخير,14,الهند,14,external,قطار,,3901
52/68,اثراء الخير,25,الهند,25,external,تقليدي رد,,2453
52A/50,اثراء الخير,21,مجاملة,21,internal,قطار,,8000
53/62,اثراء الخير,15,الهند,15,external,قطار,,3744
54/68,اثراء الخير,26,الهند,26,external,تقليدي رد,,4083
55/62,اثراء الخير,16,الهند,16,external,قطار,,3789
56/68,اثراء الخير,27,الهند,27,external,تقليدي رد,,3562
57/62,اثراء الخير,17,الهند,17,external,قطار,,3743
58/68,اثراء الخير,28,الهند,28,external,تقليدي رد,,3856
6/25,اثراء الخير,30,الهند,30,external,تقليدي رد,,4115
8/202,اثراء الخير,5,الهند,5,external,قطار,,3700
9/202,اثراء الخير,18,الهند,18,external,تقليدي رد,,3517
11/204,إكرام الضيف,113,تونس,113,external,تقليدي رد,,1886
16/68,إكرام الضيف,112,تونس,112,external,تقليدي رد,,1650
17/206,إكرام الضيف,104,مصر - القرعة,104,external,تقليدي رد,,3007
19/206,إكرام الضيف,105,مصر - القرعة,105,external,تقليدي رد,,3051
2/116,إكرام الضيف,100,مصر - السياحة,100,external,تقليدي رد,,981
2/506,إكرام الضيف,162,بنجلاديش,162,external,تقليدي رد,,1372
2/641,إكرام الضيف,122,روسيا,122,external,ترددي,,3595
21/206,إكرام الضيف,106,مصر - القرعة,106,external,تقليدي رد,,3060
21/608,إكرام الضيف,123,روسيا,123,external,ترددي,,3081
21/649,إكرام الضيف,120,روسيا,120,external,ترددي,,3735
23/206,إكرام الضيف,107,مصر - القرعة,107,external,تقليدي رد,,3003
24/608,إكرام الضيف,119,عمان,119,external,تقليدي رد,,2850
25/206,إكرام الضيف,108,مصر - القرعة,108,external,تقليدي رد,,3086
26/608,إكرام الضيف,118,عمان,118,external,تقليدي رد,,2850
28/608,إكرام الضيف,117,عمان,117,external,تقليدي رد,,2850
29/68,إكرام الضيف,111,تونس,111,external,تقليدي رد,,3171
31/68,إكرام الضيف,110,تونس,110,external,تقليدي رد,,3426
34/68,إكرام الضيف,103,مصر - القرعة,103,external,تقليدي رد,,3043
4/506,إكرام الضيف,163,بنجلاديش,163,external,تقليدي رد,,312
4/641,إكرام الضيف,121,روسيا,121,external,ترددي,,3810
40/68,إكرام الضيف,102,مصر - القرعة,102,external,تقليدي رد,,4494
45/68,إكرام الضيف,109,موريتانيا,109,external,تقليدي رد,,3590
47/68,إكرام الضيف,101,مصر - القرعة,101,external,تقليدي رد,,2422
5/563,إكرام الضيف,125,متنوع,125,external,ترددي,,717
55/68,إكرام الضيف,116,عمان,116,external,تقليدي رد,,2850
57/68,إكرام الضيف,115,عمان,115,external,تقليدي رد,,2603
78/68,إكرام الضيف,160,بنجلاديش,160,external,تقليدي رد,,3144
8/502,إكرام الضيف,164,بنجلاديش,164,external,تقليدي رد,,564
80/68,إكرام الضيف,161,بنجلاديش,161,external,تقليدي رد,,2683
9/204,إكرام الضيف,114,تونس,114,external,تقليدي رد,,1188
F/204,إكرام الضيف,150,متنوع,150,external,تقليدي رد,,1195
A/206,الخطوط السعودية,101,B2C,لا يوجد,external,تقليدي رد,,1500
G/206,الخطوط السعودية,101,B2C,لا يوجد,external,تقليدي رد,,1500
H/204,الخطوط السعودية,101,B2C,لا يوجد,external,تقليدي رد,,1500
C/206,الراجحي,101,مصر - السياحة,101,external,تقليدي رد,,2837
1/114,الراجحي,102,مصر - السياحة,102,external,تقليدي رد,,3829
4/116,الراجحي,102,مصر - السياحة,102,external,تقليدي رد,,381
1/204,الراجحي,103,متنوع,103,external,تقليدي رد,,3107
3/204,الراجحي,103,مصر - السياحة,103,external,تقليدي رد,,1775
1/206,الراجحي,105,مصر - السياحة,105,external,تقليدي رد,,2136
5/206,الراجحي,106,مصر - السياحة,106,external,تقليدي رد,,3964
7/206,الراجحي,107,مصر - السياحة,107,external,تقليدي رد,,3834
13/206,الراجحي,108,مصر - السياحة,108,external,تقليدي رد,,3843
33/204,الراجحي,109,مصر - السياحة,109,external,تقليدي رد,,2815
8/62,الراجحي,110,متنوع,110,external,تقليدي رد,,4244
3/652,الراجحي,112,مصر - السياحة,112,external,تقليدي رد,,2412
14/643,الراجحي,113,مصر - السياحة,113,external,تقليدي رد,,3603
4/50,الراجحي,120,باكستان,120,external,قطار,,1820
6/50,الراجحي,121,باكستان,121,external,قطار,,3575
4/62,الراجحي,122,باكستان,122,external,تقليدي رد,,3605
5/202,الراجحي,123,باكستان,123,external,تقليدي رد,,3386
4/202,الراجحي,124,باكستان,124,external,قطار,,3894
25/62,الراجحي,125,باكستان,125,external,قطار,,3623
29/56,الراجحي,126,باكستان,126,external,قطار,,3181
16/56,الراجحي,127,باكستان,127,external,قطار,,4296
20/56,الراجحي,128,باكستان,128,external,قطار,,1917
34/56,الراجحي,129,باكستان,129,external,قطار,,3148
36/56,الراجحي,130,باكستان,130,external,قطار,,3225
38/56,الراجحي,131,باكستان,131,external,قطار,,2854
43/62,الراجحي,132,باكستان,132,external,قطار,,2338
43/56,الراجحي,133,باكستان,133,external,قطار,,3520
46/62,الراجحي,134,باكستان,134,external,قطار,,2776
49/56,الراجحي,135,باكستان,135,external,قطار,,4016
52/62,الراجحي,136,باكستان,136,external,قطار,,4160
59/62,الراجحي,137,باكستان,137,external,قطار,,4392
63/62,الراجحي,138,باكستان,138,external,قطار,,2288
12/518,الراجحي,139,باكستان,139,external,تقليدي رد,,4608
1/519,الراجحي,140,باكستان,140,external,قطار,,2137
1/521,الراجحي,141,باكستان,141,external,قطار,,4799
8/521,الراجحي,142,باكستان,142,external,قطار,,4799
4/533,الراجحي,143,باكستان,143,external,تقليدي رد,,2941
37/533,الراجحي,144,باكستان,144,external,تقليدي رد,,4607
35/533,الراجحي,145,باكستان,145,external,تقليدي رد,,3379
4/535,الراجحي,146,باكستان,146,external,تقليدي رد,,2799
71/62,الراجحي,147,باكستان,147,external,تقليدي رد,,1935
1/506,الراجحي,148,باكستان,148,external,تقليدي رد,,3294
2/533,الراجحي,150,النيجر,150,external,تقليدي رد,,2288
17/406,الراجحي,151,النيجر,151,external,ترددي,,5472
18/406,الراجحي,151,النيجر,151,external,ترددي,,5472
2/643,الراجحي,153,النيجر,153,internal,تقليدي رد,,2817
1/649,الراجحي B2C,11,B2C,لا يوجد,external,ترددي,,2220
10/647,الراجحي B2C,1,B2C,1,external,ترددي,,2636
10/649,الراجحي B2C,18,B2C,لا يوجد,external,ترددي,,2275
12/649,الراجحي B2C,14,B2C,لا يوجد,external,ترددي,,2444
13/649,الراجحي B2C,200,B2C,200,external,ترددي,,2482
14/647,الراجحي B2C,6,B2C,لا يوجد,external,ترددي,,2382
14/649,الراجحي B2C,7,B2C,لا يوجد,external,ترددي,,1870
15/649,الراجحي B2C,2,B2C,لا يوجد,external,ترددي,,2118
16/647,الراجحي B2C,5,B2C,لا يوجد,external,ترددي,,2305
17/649,الراجحي B2C,4,B2C,لا يوجد,external,ترددي,,2573
2/649,الراجحي B2C,16,B2C,لا يوجد,external,ترددي,,2021
3/649,الراجحي B2C,10,B2C,لا يوجد,external,ترددي,,2673
4/647,الراجحي B2C,9,B2C,لا يوجد,external,ترددي,,3007
4/649,الراجحي B2C,17,B2C,لا يوجد,external,ترددي,,2594
6/649,الراجحي B2C,12,B2C,لا يوجد,external,ترددي,,2397
7/649,الراجحي B2C,8,B2C,لا يوجد,external,ترددي,,2710
8/647,الراجحي B2C,15,B2C,لا يوجد,external,ترددي,,2562
8/649,الراجحي B2C,13,B2C,لا يوجد,external,ترددي,,2741
1/552,الرفادة,10,تركيا,الرفادة-10,external,ترددي,,3459
1/561,الرفادة,14,تركيا,الرفادة-14,external,ترددي,,2025
1/655,الرفادة,23,متنوع,الرفادة-23,external,ترددي,,3609
10/651,الرفادة,24,اوزبكستان,الرفادة-24,external,ترددي,,3547
11/552,الرفادة,5,تركيا,الرفادة-5,external,ترددي,,4191
11/88,الرفادة,16,متنوع,الرفادة-16,external,ترددي,,4099
13/88,الرفادة,15,متنوع,الرفادة-15,external,ترددي,,3810
14/651,الرفادة,25,اوزبكستان,الرفادة-25,external,ترددي,,3434
14/88,الرفادة,19,تركيا,الرفادة-19,external,ترددي,,4634
16/649,الرفادة,21,تركيا,الرفادة-21,external,ترددي,,2436
17/88,الرفادة,14,تركيا,الرفادة-14,external,ترددي,,1301
18/651,الرفادة,27,تركيا,الرفادة-27,external,ترددي,,3245
19/649,الرفادة,28,الصومال,الرفادة-28,external,ترددي,,3524
2/552,الرفادة,12,تركيا,الرفادة-12,external,ترددي,,2674
2/554,الرفادة,4,تركيا,الرفادة-4,external,ترددي,,3034
2/561,الرفادة,13,تركيا,الرفادة-13,external,ترددي,,1722
2/655,الرفادة,19,تركيا,الرفادة-19,external,ترددي,,3532
20/647,الرفادة,29,متنوع,الرفادة-29,external,ترددي,,3621
20/649,الرفادة,22,البوسنة والهرسك,الرفادة-22,external,ترددي,,1793
20/651,الرفادة,27,تركيا,الرفادة-27,external,ترددي,,3094
22/647,الرفادة,30,متنوع,الرفادة-30,external,ترددي,,3484
23/649,الرفادة,31,الصومال,الرفادة-31,external,ترددي,,3784
3/552,الرفادة,9,تركيا,الرفادة-9,external,ترددي,,3413
3/88,الرفادة,18,تركيا,الرفادة-18,external,ترددي,,3227
4/552,الرفادة,12,تركيا,الرفادة-12,external,ترددي,,2799
4/554,الرفادة,3,تركيا,الرفادة-3,external,ترددي,,3119
4/655,الرفادة,19,تركيا,الرفادة-19,external,ترددي,,3520
4/88,الرفادة,26,اوزبكستان,الرفادة-26,external,ترددي,,3287
5/112,الرفادة,31,موزمبيق,الرفادة-31,external,تقليدي رد,,220
5/552,الرفادة,8,تركيا,الرفادة-8,external,ترددي,,3464
5/554,الرفادة,1,تركيا,الرفادة-1,external,ترددي,,2523
6/552,الرفادة,11,تركيا,الرفادة-11,external,ترددي,,2931
6/554,الرفادة,2,تركيا,الرفادة-2,external,ترددي,,2899
6/655,الرفادة,20,تركيا,الرفادة-20,external,ترددي,,3593
7/552,الرفادة,7,تركيا,الرفادة-7,external,ترددي,,4455
7/554,الرفادة,1,تركيا,الرفادة-1,external,ترددي,,2249
7/88,الرفادة,17,تركيا,الرفادة-17,external,ترددي,,2687
8/655,الرفادة,20,تركيا,الرفادة-20,external,ترددي,,3342
8/88,الرفادة,25,اوزبكستان,الرفادة-25,external,ترددي,,3409
9/552,الرفادة,6,تركيا,الرفادة-6,external,ترددي,,4181
12/520,ام من ميلينوم,302,باكستان,302,external,تقليدي رد,,399
2/502,ام من ميلينوم,402,بنجلاديش,402,external,تقليدي رد,,113
2/529,ام من ميلينوم,504,باكستان,504,external,تقليدي رد,,260
3/531,ام من ميلينوم,503,بنجلاديش,503,external,ترددي,,118
3/56,ام من ميلينوم,102,باكستان,102,external,تقليدي رد,,625
32/206,ام من ميلينوم,201,متنوع,201,external,تقليدي رد,,2534
5/112,ام من ميلينوم,101,بنجلاديش,101,external,تقليدي رد,,1230
5/510,ام من ميلينوم,303,بنجلاديش,303,external,تقليدي رد,,136
6/216,ام من ميلينوم,103,باكستان,103,external,تقليدي رد,,824
6/522,ام من ميلينوم,401,بنجلاديش,401,external,تقليدي رد,,3681
6/524,ام من ميلينوم,501,بنجلاديش,501,external,تقليدي رد,,2353
7/518,ام من ميلينوم,301,بنجلاديش,301,external,تقليدي رد,,1704
7/522,ام من ميلينوم,502,بنجلاديش,502,external,تقليدي رد,,262
9/522,ام من ميلينوم,304,متنوع,304,external,تقليدي رد,,2711
11/62,بشرى الضيافة,1,مصر - الجمعيات,1,external,تقليدي رد,,3791
12/204,بشرى الضيافة,2,مصر - الجمعيات,2,external,تقليدي رد,,2931
14/204,بشرى الضيافة,3,مصر - الجمعيات,3,external,تقليدي رد,,2373
14/520,بشرى الضيافة,22,باكستان,22,external,تقليدي رد,,571
27/68,بشرى الضيافة,18,اندونيسيا,18,external,تقليدي رد,,2144
4/529,بشرى الضيافة,23,باكستان,23,external,تقليدي رد,,1927
7/510,بشرى الضيافة,17,بنجلاديش,17,external,تقليدي رد,,989
7/62,بشرى الضيافة,5,ليبيا,5,external,تقليدي رد,,3403
8/204,بشرى الضيافة,6,ليبيا,6,external,تقليدي رد,,4475
8/518,بشرى الضيافة,17,بنجلاديش,17,external,تقليدي رد,,1102
80/68,بشرى الضيافة,15,بنجلاديش,15,external,تقليدي رد,,1288
82/68,بشرى الضيافة,16,بنجلاديش,16,external,تقليدي رد,,1012
9/62,بشرى الضيافة,4,مصر - الجمعيات,4,external,تقليدي رد,,3656
0/50,حجاج الداخل,10011,حجاج الداخل,شركة محسن بن سالم الأحمدي وشركاه,internal,قطار,,198
0/68,حجاج الداخل,10131,حجاج الداخل,شركة بشائر الإسلام لخدمات حجاج الداخل,internal,تقليدي رد,,99
1/102,حجاج الداخل,10038,حجاج الداخل,شركة الميعاد السعودية المحدودة,internal,قطار,,183
1/124,حجاج الداخل,10069,حجاج الداخل,شركة صفا المشاعر,internal,قطار,,1740
1/126,حجاج الداخل,10055,حجاج الداخل,شركة عبدالله علي عبدالله بن محفوظ وشركاه,internal,قطار,,870
1/204,حجاج الداخل,237,وزارة الحج والعمرة,237,external,تقليدي رد,,1
1/208,حجاج الداخل,10161,حجاج الداخل,شركة طريق الهجرتين المحدودة,internal,تقليدي رد,,838
1/301,حجاج الداخل,10058,حجاج الداخل,شركة محمد وعبدالرحمن أحمد الحميري,internal,قطار,,252
1/502,حجاج الداخل,10043,حجاج الداخل,شركة الهجرة العربية المحدودة,internal,قطار,,542
1/616,حجاج الداخل,10173,حجاج الداخل,شركة ناصر نصار الحازمي وشركاه التضامنية,internal,تقليدي رد,,120
1/68,حجاج الداخل,10090,حجاج الداخل,شركة القصواء المحدودة,internal,قطار,,1693
1/714,حجاج الداخل,10116,حجاج الداخل,شركة اضواء الايمان لخدمات الحجاج,internal,قطار,,1037
1/714,حجاج الداخل,10039,حجاج الداخل,شركة فجر المناسك المحدودة,internal,قطار,,861
1/716,حجاج الداخل,10193,حجاج الداخل,شركة نور النسك لخدمات الحجاج,internal,قطار,,233
10/110,حجاج الداخل,10036,حجاج الداخل,شركة الظافرة لخدمة حجاج الداخل المحدودة,internal,قطار,,903
10/110,حجاج الداخل,10022,حجاج الداخل,شركة الفردوس المتحده المحدودة,internal,قطار,,590
10/110,حجاج الداخل,10057,حجاج الداخل,شركة المعالي لخدمات حجاج الداخل,internal,قطار,,362
10/126,حجاج الداخل,10108,حجاج الداخل,شركة أعمال السكينة,internal,قطار,,832
10/128,حجاج الداخل,10081,حجاج الداخل,شركة سيف الإسلام,internal,قطار,,1540
10/68,حجاج الداخل,10144,حجاج الداخل,شركة طوائف التضامنية,internal,قطار,,732
11/44,حجاج الداخل,774,حجاج الداخل,مؤسسة عبدالله حمد العراجه,internal,قطار,,351
11/714,حجاج الداخل,10044,حجاج الداخل,شركة نسك المشاعر لخدمات الحجاج,internal,قطار,,1280
11/714,حجاج الداخل,757,حجاج الداخل,مؤسسة قافلة مكة لخدمات حجاج الداخل,internal,قطار,,1328
12/128,حجاج الداخل,10105,حجاج الداخل,شركة مخيم الرشاد,internal,قطار,,1540
13/214,حجاج الداخل,10154,حجاج الداخل,شركة فوج الهدى المحدودة,internal,تقليدي رد,,720
13/214,حجاج الداخل,10176,حجاج الداخل,شركة ريس محمد الريس وعبدالله عبدالرحمن الربيعة,internal,تقليدي رد,,927
13/44,حجاج الداخل,10095,حجاج الداخل,شركة دار الإيمان الأولى للحج,internal,قطار,,300
15/44,حجاج الداخل,10136,حجاج الداخل,شركة نور حراء المحدوده,internal,قطار,,1050
15/716,حجاج الداخل,10032,حجاج الداخل,شركة أبناء محمد شافعي وأبناء إبراهيم الدباب لخدمات حجاج الداخل,internal,قطار,,453
15/716,حجاج الداخل,10096,حجاج الداخل,شركه فوج مكه,internal,قطار,,503
15/716,حجاج الداخل,10045,حجاج الداخل,شركة الخير المكية لخدمات حجاج الداخل المحدودة,internal,قطار,,905
16/502,حجاج الداخل,10158,حجاج الداخل,شركة حملة البشائر,internal,قطار,,1373
16/502,حجاج الداخل,10098,حجاج الداخل,شركة التيسير للحج والعمرة المحدودة,internal,قطار,,674
16/502,حجاج الداخل,719,حجاج الداخل,مؤسسة عطا الله مجول الهذلي,internal,قطار,,457
16/608,حجاج الداخل,10062,حجاج الداخل,شركة ملتقى الغدير,internal,تقليدي رد,,366
17/716,حجاج الداخل,10146,حجاج الداخل,شركة المكرمون المحدودة,internal,قطار,,985
17/716,حجاج الداخل,10027,حجاج الداخل,شركة قافلة المنار,internal,قطار,,465
17/716,حجاج الداخل,10125,حجاج الداخل,شركة بلاد الحرمين المحدودة,internal,قطار,,1019
18/44,حجاج الداخل,10030,حجاج الداخل,شركة عبدالله صالح الكاف وشركاه,internal,قطار,,1420
18/44,حجاج الداخل,10182,حجاج الداخل,شركة محمد عمر بالي فلمبان وشريكه,internal,قطار,,498
18/608,حجاج الداخل,10063,حجاج الداخل,شركة احمد سالم الخزاعي وشريكه,internal,تقليدي رد,,550
19/502,حجاج الداخل,10059,حجاج الداخل,شركة أذان المحدودة,internal,قطار,,1212
19/502,حجاج الداخل,10183,حجاج الداخل,شركة مواسم الغفران المحدودة,internal,قطار,,685
19/502,حجاج الداخل,10115,حجاج الداخل,شركة ركن الأجور المحدودة,internal,قطار,,575
19/714,حجاج الداخل,10129,حجاج الداخل,شركة السندس المتحده المحدودة,internal,قطار,,1250
19/714,حجاج الداخل,10002,حجاج الداخل,شركة الركن الخامس للحج,internal,قطار,,1156
1A/720,حجاج الداخل,10132,حجاج الداخل,شركة طوى الشرق,internal,قطار,,549
1B/720,حجاج الداخل,10123,حجاج الداخل,شركة الراجحي لخدمات حجاج الداخل المحدودة,internal,قطار,,535
2/102,حجاج الداخل,10094,حجاج الداخل,شركة المناسك المحدودة,internal,قطار,,99
2/108,حجاج الداخل,10159,حجاج الداخل,شركة الخباري المحدودة,internal,قطار,,838
2/108,حجاج الداخل,10138,حجاج الداخل,شركة الرحلة المباركة المحدودة,internal,قطار,,1125
2/126,حجاج الداخل,10024,حجاج الداخل,شركة رواحل الحج المحدودة,internal,قطار,,638
2/126,حجاج الداخل,10028,حجاج الداخل,شركة عبدالله الرويزن ومشعل الرويزن التضامنية,internal,قطار,,636
2/126,حجاج الداخل,10107,حجاج الداخل,شركة عبدالهادي بن رويزن وشريكه,internal,قطار,,635
2/128,حجاج الداخل,10084,حجاج الداخل,شركة حج,internal,قطار,,1680
2/216,حجاج الداخل,10142,حجاج الداخل,شركة السلوان المحدودة,external,تقليدي رد,,823
2/216,حجاج الداخل,10124,حجاج الداخل,شركة سلمان ويوسف غازي الظفيري,external,تقليدي رد,,750
2/216,حجاج الداخل,10042,حجاج الداخل,شركة جوهرة القوافل للحج والعمرة المحدودة,external,تقليدي رد,,848
2/216,حجاج الداخل,10171,حجاج الداخل,شركة حملة الصفوة التجارية,external,تقليدي رد,,519
2/502,حجاج الداخل,10145,حجاج الداخل,شركة الذاكرين المحدودة,external,تقليدي رد,,1132
2/502,حجاج الداخل,10080,حجاج الداخل,شركة الفرقان المكية المحدودة,external,تقليدي رد,,1067
2/502,حجاج الداخل,10127,حجاج الداخل,شركة ركن الحطيم للحج,external,تقليدي رد,,980
2/639,حجاج الداخل,10067,حجاج الداخل,شركة قافلة الخير,internal,تقليدي رد,,1235
2/639,حجاج الداخل,10031,حجاج الداخل,شركة المنهاج السعوديه المحدودة,internal,تقليدي رد,,903
20/608,حجاج الداخل,10163,حجاج الداخل,شركة سلفا للحج والعمرة,internal,تقليدي رد,,657
21/50,حجاج الداخل,10007,حجاج الداخل,شركة الإفاضة المتحدة للخدمات المحدوده,internal,قطار,,851
21/716,حجاج الداخل,10050,حجاج الداخل,شركة باب السلام لخدمات حجاج الداخل المحدودة,internal,قطار,,1304
21/716,حجاج الداخل,10021,حجاج الداخل,شركة قافلة الهاشم المحدوده,internal,قطار,,646
21/716,حجاج الداخل,10180,حجاج الداخل,شركة المسار العمراني المحدودة,internal,قطار,,456
21/716,حجاج الداخل,10166,حجاج الداخل,شركة عبدالله أحمد العصفور وشركاه,internal,قطار,,414
22/50,حجاج الداخل,10053,حجاج الداخل,شركة إفاضه,internal,قطار,,594
23/68,حجاج الداخل,10153,حجاج الداخل,شركة سعود عابد المجنوني,internal,قطار,,172
25/50,حجاج الداخل,10026,حجاج الداخل,شركة سعد بن ابراهيم الحويجي وشركاه,internal,قطار,,560
27/50,حجاج الداخل,10068,حجاج الداخل,شركة البدر القادم المحدودة,internal,قطار,,1503
28/50,حجاج الداخل,10185,حجاج الداخل,شركة سدانة لخدمات حجاج الداخل,internal,قطار,,800
28/50,حجاج الداخل,10013,حجاج الداخل,شركة قافلة الملبي المحدودة,internal,قطار,,800
28/56,حجاج الداخل,10093,حجاج الداخل,شركة مواكب اليسر المحدودة,internal,قطار,,1088
28/56,حجاج الداخل,10128,حجاج الداخل,شركة مخيم الوفاء الحديثة,internal,قطار,,762
28A/44,حجاج الداخل,99999,حجاج الداخل,وزارة الحج والعمرة حجاج داخل,internal,قطار,,400
28C/44,حجاج الداخل,10019,حجاج الداخل,شركة الأسواف المحدودة,internal,قطار,,266
2A/128,حجاج الداخل,10084,حجاج الداخل,شركة حج,internal,قطار,,200
3/108,حجاج الداخل,10040,حجاج الداخل,شركة قريش المحدودة,internal,قطار,,1525
3/122,حجاج الداخل,10010,حجاج الداخل,شركة حملة الفرقان للحج,internal,قطار,,1024
3/214,حجاج الداخل,10137,حجاج الداخل,شركة الفرائض المحدودة,internal,تقليدي رد,,714
3/214,حجاج الداخل,10157,حجاج الداخل,شركة الحمله الراقية,internal,تقليدي رد,,590
3/214,حجاج الداخل,10170,حجاج الداخل,شركة الخماسيه السعوديه للتنمية التجارية,internal,تقليدي رد,,612
3/38,حجاج الداخل,99999,حجاج الداخل,وزارة الحج والعمرة حجاج داخل,internal,قطار,,604
3/504,حجاج الداخل,10106,حجاج الداخل,شركة حمد اللحياني وحمد الزايدي,external,تقليدي رد,,1169
3/716,حجاج الداخل,10155,حجاج الداخل,شركة الفارس المحدودة,internal,قطار,,1523
3/720,حجاج الداخل,10075,حجاج الداخل,شركة عبدالمجيد الجريسي,internal,قطار,,816
31/502,حجاج الداخل,10018,حجاج الداخل,شركة صالح شاهر ابراهيم زيني وشركاه,internal,قطار,,183
31/502,حجاج الداخل,10066,حجاج الداخل,شركه حملة اهالي القصيم للحج,internal,قطار,,1363
31/502,حجاج الداخل,10073,حجاج الداخل,شركة سعد جميل القرشي وشركاه,internal,قطار,,912
32/56,حجاج الداخل,10048,حجاج الداخل,شركة الاخلاص المتحدة,internal,قطار,,1363
32/56,حجاج الداخل,10017,حجاج الداخل,شركة رحاب المشاعر لخدمات الحجاج,internal,قطار,,649
33/38,حجاج الداخل,10181,حجاج الداخل,شركة رواحل الإيمان المحدودة,internal,قطار,,568
33/38,حجاج الداخل,10025,حجاج الداخل,شركة المستجار,internal,قطار,,567
33/44,حجاج الداخل,10155,حجاج الداخل,شركة الفارس المحدودة,internal,قطار,,2013
35/50,حجاج الداخل,10186,حجاج الداخل,شركة مدى الجنوب التجارية,internal,قطار,,1159
35/50,حجاج الداخل,10149,حجاج الداخل,شركة الأخيار,internal,قطار,,908
4/122,حجاج الداخل,10016,حجاج الداخل,شركة سماء الفاروق لخدمات حجاج الداخل,internal,قطار,,1660
4/128,حجاج الداخل,10079,حجاج الداخل,شركة حملة المحمل,internal,قطار,,756
4/128,حجاج الداخل,10054,حجاج الداخل,شركة قاصد المشاعر لخدمة حجاج الداخل,internal,قطار,,1680
4/214,حجاج الداخل,10061,حجاج الداخل,شركة المأمونية المحدودة,internal,تقليدي رد,,1050
4/214,حجاج الداخل,10190,حجاج الداخل,شركة فاخر منصور السهيمي وشريكه,internal,تقليدي رد,,457
4/38,حجاج الداخل,10165,حجاج الداخل,شركة فهد البطي وشركاه التضامنية,internal,قطار,,878
4/44,حجاج الداخل,10139,حجاج الداخل,شركة الحمراء المحدودة,internal,قطار,,1050
4/639,حجاج الداخل,10184,حجاج الداخل,شركة فيض المشاعر لخدمات الحجاج,internal,تقليدي رد,,779
4/716,حجاج الداخل,10014,حجاج الداخل,شركة المهابة لخدمة حجاج الداخل,internal,قطار,,202
40/56,حجاج الداخل,10152,حجاج الداخل,شركة فجر الهدى,external,قطار,,521
45/38,حجاج الداخل,10037,حجاج الداخل,شركة حسن عبدالله القرشي ومحمد القرشي,internal,قطار,,470
45/38,حجاج الداخل,793,حجاج الداخل,مؤسسة ريادة الوطن لخدمات الحجاج,internal,قطار,,486
45/38,حجاج الداخل,10087,حجاج الداخل,شركة التقوى المحدودة,internal,قطار,,593
45/38,حجاج الداخل,10101,حجاج الداخل,شركة افاق المشاعر التجارية,internal,قطار,,522
45/38,حجاج الداخل,10148,حجاج الداخل,شركة مواكب الاهلة المحدودة,internal,قطار,,370
48/50,حجاج الداخل,10008,حجاج الداخل,شركة سعود بن عبدالعزيز الجميعه وشركاه التضامنيه,internal,قطار,,541
49/44,حجاج الداخل,10147,حجاج الداخل,شركة مخيمات الخيرات,internal,قطار,,212
5/126,حجاج الداخل,10121,حجاج الداخل,شركة صالح بن غازي الظفيري وشركاه المحدودة,internal,قطار,,861
5/126,حجاج الداخل,10118,حجاج الداخل,شركة جمال يوسف حمد الذوادي وشركاه,internal,قطار,,717
5/126,حجاج الداخل,10135,حجاج الداخل,شركة الجليس الصالح,internal,قطار,,517
5/208,حجاج الداخل,10020,حجاج الداخل,شركة شمس طيبة المحدوده,internal,تقليدي رد,,360
5/656,حجاج الداخل,10111,حجاج الداخل,شركة حملة الأبرار,internal,تقليدي رد,,636
5/656,حجاج الداخل,10029,حجاج الداخل,شركة المقام السعودية,internal,تقليدي رد,,575
5/656,حجاج الداخل,10023,حجاج الداخل,شركة عبدالله بن بريك العماري وشريكه,internal,تقليدي رد,,412
5/656,حجاج الداخل,10192,حجاج الداخل,شركة محمد قديمي وشريكه,internal,تقليدي رد,,868
5/714,حجاج الداخل,10109,حجاج الداخل,شركة مشاعل النور لخدمة حجاج الداخل والمعتمرين المحدودة,internal,قطار,,1146
5/714,حجاج الداخل,10188,حجاج الداخل,شركة نماء البركة لخدمة حجاج الداخل,internal,قطار,,587
50/38,حجاج الداخل,10133,حجاج الداخل,شركة عرفة المحدودة,internal,قطار,,548
50/50,حجاج الداخل,10187,حجاج الداخل,شركة رفاق الصفوة التجارية,internal,قطار,,179
51/44,حجاج الداخل,10162,حجاج الداخل,شركة الفجر,internal,قطار,,1341
52/38,حجاج الداخل,10033,حجاج الداخل,شركة الاطياف للحج المحدودة,internal,قطار,,795
52/50,حجاج الداخل,10056,حجاج الداخل,شركة الطائفين,internal,قطار,,360
54/50,حجاج الداخل,10160,حجاج الداخل,شركة حملة الاحسان لخدمة حجاج الداخل المحدوده,internal,قطار,,885
56/44,حجاج الداخل,10092,حجاج الداخل,شركة هداية الراجحون المحدوده,internal,قطار,,512
56/44,حجاج الداخل,10100,حجاج الداخل,شركة نسك المحدودة,internal,قطار,,512
56/44,حجاج الداخل,10177,حجاج الداخل,شركة عبدالوهاب الراجحي,internal,قطار,,512
6/128,حجاج الداخل,10065,حجاج الداخل,شركة قافلة الاتمام لخدمات حجاج الداخل,internal,قطار,,1680
6/128,حجاج الداخل,10077,حجاج الداخل,شركة السلام المتحدة,internal,قطار,,756
6/508,حجاج الداخل,10174,حجاج الداخل,شركة العطير لخدمة حجاج الداخل,external,قطار,,714
6/639,حجاج الداخل,10130,حجاج الداخل,شركة عالم البشائر المحدودة,internal,تقليدي رد,,685
62/44,حجاج الداخل,99999,حجاج الداخل,وزارة الحج والعمرة حجاج داخل,internal,قطار,,941
66A/38,حجاج الداخل,10051,حجاج الداخل,شركة العهد الوطنية المحدودة,internal,قطار,,552
66B/38,حجاج الداخل,10005,حجاج الداخل,شركة الاسلام المتحدة لخدمات حجاج الداخل والمعتمرين,internal,قطار,,630
66C/38,حجاج الداخل,10122,حجاج الداخل,شركة تفويج المحدودة,internal,قطار,,179
7/502,حجاج الداخل,10080,حجاج الداخل,شركة الفرقان المكية المحدودة,internal,قطار,,1185
7/502,حجاج الداخل,10145,حجاج الداخل,شركة الذاكرين المحدودة,internal,قطار,,1258
7/656,حجاج الداخل,10041,حجاج الداخل,شركة حملة الرسالة لخدمات حجاج الداخل,internal,تقليدي رد,,1136
7/656,حجاج الداخل,10117,حجاج الداخل,شركة صالح الملحم وشركاءه لخدمات حجاج الداخل,internal,تقليدي رد,,1092
79/38,حجاج الداخل,10015,حجاج الداخل,شركة بيت المشاعر,internal,قطار,,423
8/108,حجاج الداخل,10194,حجاج الداخل,شركة منازل الرافدين,internal,قطار,,978
8/108,حجاج الداخل,10126,حجاج الداخل,شركة محمد العلياني المحدودة لخدمات حجاج الداخل,internal,قطار,,940
8/128,حجاج الداخل,10141,حجاج الداخل,شركة المحيميد,internal,قطار,,1680
8/128,حجاج الداخل,10151,حجاج الداخل,شركة الرويس,internal,قطار,,560
8/639,حجاج الداخل,10131,حجاج الداخل,شركة بشائر الإسلام لخدمات حجاج الداخل,internal,تقليدي رد,,216
9/108,حجاج الداخل,99999,حجاج الداخل,وزارة الحج والعمرة حجاج داخل,internal,قطار,,1098
9/126,حجاج الداخل,10102,حجاج الداخل,شركة الاتقان للحج,internal,قطار,,1636
9/208,حجاج الداخل,10119,حجاج الداخل,شركة عمر عبدالله سهيل وشركاه,internal,تقليدي رد,,270
9/714,حجاج الداخل,10179,حجاج الداخل,شركة ركاز المتقين,internal,قطار,,1535
9/716,حجاج الداخل,10134,حجاج الداخل,شركة مخيم رفادة المحدودة,internal,قطار,,1037
9/716,حجاج الداخل,10191,حجاج الداخل,شركة مكارم لخدمات الحجاج,internal,قطار,,498
9/716,حجاج الداخل,10175,حجاج الداخل,شركة قوافل الحجيج المحدودة,internal,قطار,,449
95/38,حجاج الداخل,10140,حجاج الداخل,شركة خالد زامل الغيثي وشركاه المحدودة,internal,قطار,,1332
97/38,حجاج الداخل,10091,حجاج الداخل,شركة هشام بن بدوي سكيك وشركاه,internal,قطار,,707
A/108,حجاج الداخل,10104,حجاج الداخل,شركة فجر النسك لخدمات الحجاج,internal,قطار,,646
A2/38,حجاج الداخل,10102,حجاج الداخل,شركة الاتقان للحج,internal,قطار,,700
B/108,حجاج الداخل,10076,حجاج الداخل,شركة عبدالرحمن عثمان الكليب وشركاه,internal,قطار,,376
B/62,حجاج الداخل,10143,حجاج الداخل,شركة بيان,internal,تقليدي رد,,288
C/108,حجاج الداخل,10006,حجاج الداخل,شركة مخيم النور  المحدودة,internal,قطار,,450
C/62,حجاج الداخل,10097,حجاج الداخل,شركة اعمال الشاطئ,internal,تقليدي رد,,392
D/108,حجاج الداخل,10004,حجاج الداخل,شركة محمد عبدالله القرشي وشركاه التضامنية,internal,قطار,,726
D/62,حجاج الداخل,10168,حجاج الداخل,شركة اخوان السعوددية,internal,تقليدي رد,,397
E/108,حجاج الداخل,667,حجاج الداخل,مؤسسة سعود دهيران الشلوي,internal,قطار,,528
E/62,حجاج الداخل,10012,حجاج الداخل,شركة وفود الحرمين التضامنية,internal,تقليدي رد,,387
F/62,حجاج الداخل,10001,حجاج الداخل,شركة منابر الايمان,internal,تقليدي رد,,395
T1/527,حجاج الداخل,49,حجاج الداخل,مؤسسة عبداللطيف الحماد,internal,ترددي,,966
T1/527,حجاج الداخل,10195,حجاج الداخل,شركة المكتب الاول,internal,ترددي,,966
T2/527,حجاج الداخل,10003,حجاج الداخل,شركة المنار لخدمة حجاج الداخل,internal,ترددي,,976
T2/527,حجاج الداخل,10083,حجاج الداخل,شركة الأنهار لخدمة حجاج الداخل,internal,ترددي,,976
T3/527,حجاج الداخل,10112,حجاج الداخل,شركة  إيثار المحدودة,internal,ترددي,,1220
T3/527,حجاج الداخل,641,حجاج الداخل,مؤسسة فهيد معيش القرشي,internal,ترددي,,1220
T4/527,حجاج الداخل,10169,حجاج الداخل,شركة قافلة النخبة لخدمات الحجاج,internal,ترددي,,844
T6/527,حجاج الداخل,10046,حجاج الداخل,شركة المقام الأمين لخدمة حجاج الداخل,internal,ترددي,,703
T6/527,حجاج الداخل,10072,حجاج الداخل,شركة الميقات السعودية,internal,ترددي,,703
T7/527,حجاج الداخل,10164,حجاج الداخل,شركة المشاعر المتحدة المحدودة,internal,ترددي,,884
T7/527,حجاج الداخل,10052,حجاج الداخل,شركة الفلاح لخدمات الحجاج,internal,ترددي,,884
T8/527,حجاج الداخل,10078,حجاج الداخل,شركة سرهد لخدمات حجاج الداخل,internal,ترددي,,703
T8/527,حجاج الداخل,10071,حجاج الداخل,شركة ركب الهدى لحجاج الداخل,internal,ترددي,,703
10/520,دليل الزوار,402,بنجلاديش,402,external,تقليدي رد,,1577
2/510,دليل الزوار,203,بنجلاديش,203,external,قطار,,1174
2/518,دليل الزوار,301,بنجلاديش,301,external,تقليدي رد,,1582
2/522,دليل الزوار,303,بنجلاديش,303,external,تقليدي رد,,1189
2/529,دليل الزوار,404,بنجلاديش,404,external,تقليدي رد,,607
22/651,دليل الزوار,101,طاجكستان,101,external,ترددي,,3576
24/651,دليل الزوار,102,متنوع,102,external,ترددي,,2981
3/520,دليل الزوار,305,بنجلاديش,305,external,تقليدي رد,,927
3/522,دليل الزوار,201,بنجلاديش,201,external,تقليدي رد,,2709
3/531,دليل الزوار,308,بنجلاديش,308,external,ترددي,,404
4/510,دليل الزوار,202,بنجلاديش,202,external,قطار,,1864
4/513,دليل الزوار,406,بنجلاديش,406,external,قطار,,422
5/112,دليل الزوار,407,بنجلاديش,407,external,تقليدي رد,,96
6/513,دليل الزوار,405,بنجلاديش,405,external,قطار,,542
6/518,دليل الزوار,307,بنجلاديش,307,external,تقليدي رد,,610
6/524,دليل الزوار,302,بنجلاديش,302,external,تقليدي رد,,1330
7/510,دليل الزوار,306,بنجلاديش,306,external,تقليدي رد,,622
7/521,دليل الزوار,304,بنجلاديش,304,external,قطار,,1036
8/513,دليل الزوار,403,بنجلاديش,403,external,قطار,,761
9/521,دليل الزوار,401,بنجلاديش,401,external,قطار,,2216
1/510,رحلات ومنافع,227,باكستان,227,external,تقليدي رد,,302
1/654,رحلات ومنافع,202,فلسطين,202,external,تقليدي رد,,3170
12/520,رحلات ومنافع,226,باكستان,226,external,تقليدي رد,,1300
12/88,رحلات ومنافع,207,قيرغيزستان,207,external,ترددي,,3079
13/202,رحلات ومنافع,231,متنوع,231,external,تقليدي رد,,1117
14/520,رحلات ومنافع,223,باكستان,223,external,تقليدي رد,,1269
16/520,رحلات ومنافع,225,باكستان,225,external,تقليدي رد,,1427
16/522,رحلات ومنافع,224,باكستان,224,external,تقليدي رد,,921
2/114,رحلات ومنافع,228,باكستان,228,external,تقليدي رد,,277
2/529,رحلات ومنافع,222,باكستان,222,external,تقليدي رد,,2012
29/204,رحلات ومنافع,203,المغرب,203,external,تقليدي رد,,3570
3/654,رحلات ومنافع,201,فلسطين,201,external,تقليدي رد,,3496
32/204,رحلات ومنافع,209,تشاد,209,external,تقليدي رد,,3795
4/216,رحلات ومنافع,210,تشاد,210,external,تقليدي رد,,3325
40/204,رحلات ومنافع,230,سريلانكا,230,external,تقليدي رد,,2910
5/112,رحلات ومنافع,204,المغرب,204,external,تقليدي رد,,292
5/655,رحلات ومنافع,206,متنوع,206,external,ترددي,,3506
6/62,رحلات ومنافع,221,باكستان,221,external,تقليدي رد,,1393
13/522,رفاد,81,مالي,مركز 81,external,ترددي,,2749
13/62,رفاد,70,الجزائر,مركز 70,external,تقليدي رد,,3871
15/62,رفاد,71,الجزائر,مركز 71,external,تقليدي رد,,3113
17/62,رفاد,72,الجزائر,مركز 72,external,تقليدي رد,,3341
18/204,رفاد,76,الجزائر,مركز 76,external,تقليدي رد,,3710
19/62,رفاد,73,الجزائر,مركز 73,external,تقليدي رد,,3149
20/204,رفاد,77,الجزائر,مركز 77,external,تقليدي رد,,2901
21/62,رفاد,74,الجزائر,مركز 74,external,تقليدي رد,,3374
22/204,رفاد,78,الجزائر,مركز 78,external,تقليدي رد,,4106
23/62,رفاد,75,الجزائر,مركز 75,external,تقليدي رد,,2786
24/204,رفاد,79,الجزائر,مركز 79,external,تقليدي رد,,3571
26/204,رفاد,75,الجزائر,مركز 75,external,تقليدي رد,,2183
28/204,رفاد,80,الجزائر,مركز 80,external,تقليدي رد,,3752
6/114,رفاد,73,الجزائر,مركز 73,external,تقليدي رد,,2269
1/425,رواف منى,43,الكاميرون,مركز ضيافة الكاميرون 1,external,ترددي,,1000
1/427,رواف منى,44,متنوع,مركز ضيافة العالم 3,external,ترددي,,3340
1/504,رواف منى,56,بنجلاديش,مركز ضيافة العالم 4ب,external,تقليدي رد,,193
1/530,رواف منى,2,باكستان,مركز ضيافة باكستان 4,external,تقليدي رد,,2291
10/421,رواف منى,12,ساحل العاج,مركز ضيافة كوت ديفوار 1,external,ترددي,,3274
10/643,رواف منى,57,باكستان,مركز ضيافة باكستان 10,internal,تقليدي رد,,4164
11/25,رواف منى,6,افغانستان,مركز ضيافة أفغانستان 2,external,تقليدي رد,,2481
12/408,رواف منى,9,الكاميرون,مركز ضيافة الكاميرون 2,external,ترددي,,5037
13/25,رواف منى,5,افغانستان,مركز ضيافة أفغانستان 3,external,تقليدي رد,,1819
16/206,رواف منى,45,المغرب,مركز ضيافة المغرب 2,external,تقليدي رد,,3645
16/421,رواف منى,11,ساحل العاج,مركز ضيافة كوت ديفوار 2,external,ترددي,,3796
2/216,رواف منى,46,باكستان,مركز ضيافة باكستان 2,external,تقليدي رد,,1475
2/530,رواف منى,3,باكستان,مركز ضيافة باكستان 3,external,تقليدي رد,,2446
22/608,رواف منى,54,المالديف,مركز ضيافة المالديف,external,تقليدي رد,,1010
25/204,رواف منى,48,المغرب,مركز ضيافة المغرب 1,external,تقليدي رد,,2989
26/206,رواف منى,16,المغرب,مركز ضيافة المغرب 4,external,تقليدي رد,,3653
28/206,رواف منى,18,المغرب,مركز ضيافة المغرب 5,external,تقليدي رد,,3660
3/530,رواف منى,4,باكستان,مركز ضيافة باكستان 6,external,تقليدي رد,,3863
3/531,رواف منى,59,نيجيريا,مركز ضيافة نيجيريا 1 ب,external,ترددي,,1760
3/56,رواف منى,50,باكستان,مركز ضيافة باكستان 1 أ,external,تقليدي رد,,1044
30/206,رواف منى,15,المغرب,مركز ضيافة المغرب 8,external,تقليدي رد,,3566
37/204,رواف منى,17,المغرب,مركز ضيافة المغرب 3,external,تقليدي رد,,3288
39/204,رواف منى,19,المغرب,مركز ضيافة المغرب 6,external,تقليدي رد,,3087
4/530,رواف منى,1,باكستان,مركز ضيافة باكستان 5,external,تقليدي رد,,2540
1/530,رواف منى,2,باكستان,مركز ضيافة باكستان 4,external,تقليدي رد,,2291
4/643,رواف منى,64,باكستان,مركز ضيافة باكستان 7,internal,تقليدي رد,,1760
41/204,رواف منى,13,المغرب,مركز ضيافة المغرب 7,external,تقليدي رد,,2988
43/204,رواف منى,14,المغرب,مركز ضيافة المغرب 9,external,تقليدي رد,,2778
5/112,رواف منى,51,متنوع,مركز ضيافة العالم 2,external,تقليدي رد,,901
5/510,رواف منى,52,بنجلاديش,مركز ضيافة العالم 4أ,external,تقليدي رد,,1781
5/531,رواف منى,60,نيجيريا,مركز ضيافة نيجيريا 2,external,ترددي,,3621
6/529,رواف منى,61,نيجيريا,مركز ضيافة نيجيريا 1 أ,external,ترددي,,3627
6/62,رواف منى,53,باكستان,مركز ضيافة باكستان 1 ب,external,تقليدي رد,,1173
6/643,رواف منى,62,باكستان,مركز ضيافة باكستان 8,internal,تقليدي رد,,3737
8/643,رواف منى,63,باكستان,مركز ضيافة باكستان 9,internal,تقليدي رد,,2740
9/25,رواف منى,8,افغانستان,مركز ضيافة أفغانستان 1,external,تقليدي رد,,2007
4/637,رواف منى,7,افغانستان,مركز ضيافة أفغانستان 4,external,تقليدي رد,,3243
1/112,ضيوف البيت,3,اندونيسيا,لا يوجد,external,تقليدي رد,,394
1/15,ضيوف البيت,222,اندونيسيا,لا يوجد,external,تقليدي رد,,519
1/510,ضيوف البيت,92,باكستان,لا يوجد,external,تقليدي رد,,1297
1/56,ضيوف البيت,2,باكستان,لا يوجد,external,تقليدي رد,,3643
1/602,ضيوف البيت,81,اندونيسيا,لا يوجد,external,ترددي,,2803
1/604,ضيوف البيت,76,اندونيسيا,لا يوجد,external,ترددي,,4127
1/612,ضيوف البيت,71,اندونيسيا,لا يوجد,external,ترددي,,3838
1/618,ضيوف البيت,83,اندونيسيا,لا يوجد,external,ترددي,,3523
1/620,ضيوف البيت,64,اندونيسيا,لا يوجد,external,ترددي,,3539
10/56,ضيوف البيت,5,متنوع,لا يوجد,external,تقليدي رد,,4255
10/62,ضيوف البيت,49,العراق,لا يوجد,external,تقليدي رد,,4611
11/210,ضيوف البيت,21,اليمن,لا يوجد,external,تقليدي رد,,4532
11/612,ضيوف البيت,66,اندونيسيا,لا يوجد,external,ترددي,,3712
11/613,ضيوف البيت,74,اندونيسيا,لا يوجد,external,ترددي,,5179
12/520,ضيوف البيت,91,باكستان,لا يوجد,external,تقليدي رد,,227
12/522,ضيوف البيت,91,باكستان,لا يوجد,external,تقليدي رد,,673
12/56,ضيوف البيت,7,بنجلاديش,لا يوجد,external,قطار,,3427
12/614,ضيوف البيت,65,اندونيسيا,لا يوجد,external,ترددي,,3222
12/62,ضيوف البيت,43,العراق,لا يوجد,external,تقليدي رد,,3507
13/520,ضيوف البيت,91,باكستان,لا يوجد,external,تقليدي رد,,1426
13/56,ضيوف البيت,44,العراق,لا يوجد,external,تقليدي رد,,3241
13/613,ضيوف البيت,73,اندونيسيا,لا يوجد,external,ترددي,,3670
15/613,ضيوف البيت,72,اندونيسيا,لا يوجد,external,ترددي,,3455
15/68,ضيوف البيت,222,اندونيسيا,لا يوجد,external,تقليدي رد,,1077
16/522,ضيوف البيت,91,باكستان,لا يوجد,external,تقليدي رد,,561
16/62,ضيوف البيت,50,العراق,لا يوجد,external,تقليدي رد,,3165
16/643,ضيوف البيت,51,العراق,لا يوجد,external,تقليدي رد,,7010
17/56,ضيوف البيت,47,العراق,لا يوجد,external,تقليدي رد,,2814
17/68,ضيوف البيت,222,اندونيسيا,لا يوجد,external,تقليدي رد,,1061
18/520,ضيوف البيت,91,باكستان,لا يوجد,external,تقليدي رد,,529
2/114,ضيوف البيت,3,باكستان,لا يوجد,external,تقليدي رد,,3313
2/124,ضيوف البيت,9999,B2C,لا يوجد,external,قطار,,1040
2/212,ضيوف البيت,25,اليمن,لا يوجد,external,تقليدي رد,,3505
2/542,ضيوف البيت,88,اندونيسيا,لا يوجد,external,ترددي,,3576
2/547,ضيوف البيت,90,اندونيسيا,لا يوجد,external,ترددي,,2802
2/604,ضيوف البيت,79,اندونيسيا,لا يوجد,external,ترددي,,1074
2/614,ضيوف البيت,70,اندونيسيا,لا يوجد,external,ترددي,,4047
2/616,ضيوف البيت,60,اندونيسيا,لا يوجد,external,ترددي,,3086
2/62,ضيوف البيت,6,باكستان,لا يوجد,external,تقليدي رد,,468
2/634,ضيوف البيت,33,افغانستان,لا يوجد,external,تقليدي رد,,2369
20/62,ضيوف البيت,45,العراق,لا يوجد,external,تقليدي رد,,3236
21/56,ضيوف البيت,40,العراق,لا يوجد,external,تقليدي رد,,3490
24/62,ضيوف البيت,41,العراق,لا يوجد,external,تقليدي رد,,2421
27/68,ضيوف البيت,222,اندونيسيا,لا يوجد,external,تقليدي رد,,70
3/115,ضيوف البيت,9999,B2C,لا يوجد,external,قطار,,1040
3/15,ضيوف البيت,222,اندونيسيا,لا يوجد,external,تقليدي رد,,1181
3/210,ضيوف البيت,20,اليمن,لا يوجد,external,تقليدي رد,,3643
3/510,ضيوف البيت,92,باكستان,لا يوجد,external,تقليدي رد,,1315
3/604,ضيوف البيت,75,اندونيسيا,لا يوجد,external,ترددي,,3530
3/608,ضيوف البيت,87,اندونيسيا,لا يوجد,external,ترددي,,3534
3/633,ضيوف البيت,32,افغانستان,لا يوجد,external,تقليدي رد,,3560
37/68,ضيوف البيت,22,اليمن,لا يوجد,external,تقليدي رد,,2812
39/68,ضيوف البيت,23,اليمن,لا يوجد,external,تقليدي رد,,3212
4/124,ضيوف البيت,9999,B2C,لا يوجد,external,قطار,,1040
4/212,ضيوف البيت,25,اليمن,لا يوجد,external,تقليدي رد,,2085
4/547,ضيوف البيت,89,اندونيسيا,لا يوجد,external,ترددي,,2873
4/604,ضيوف البيت,78,اندونيسيا,لا يوجد,external,ترددي,,2279
4/620,ضيوف البيت,84,اندونيسيا,لا يوجد,external,ترددي,,3599
4/622,ضيوف البيت,63,اندونيسيا,لا يوجد,external,ترددي,,3143
4/631,ضيوف البيت,35,افغانستان,لا يوجد,external,تقليدي رد,,3179
4/634,ضيوف البيت,30,افغانستان,لا يوجد,external,تقليدي رد,,2956
44/50,ضيوف البيت,99,البحرين,لا يوجد,external,قطار,,3318
46/50,ضيوف البيت,99,البحرين,لا يوجد,external,قطار,,3612
5/612,ضيوف البيت,69,اندونيسيا,لا يوجد,external,ترددي,,3727
5/618,ضيوف البيت,85,اندونيسيا,لا يوجد,external,ترددي,,3575
51/68,ضيوف البيت,93,الهند,لا يوجد,external,تقليدي رد,,1813
59/68,ضيوف البيت,26,متنوع,لا يوجد,external,تقليدي رد,,2594
6/112,ضيوف البيت,4,باكستان,4,external,تقليدي رد,,2846
6/216,ضيوف البيت,93,باكستان,لا يوجد,external,تقليدي رد,,924
6/510,ضيوف البيت,8,بنجلاديش,لا يوجد,external,قطار,,1823
6/56,ضيوف البيت,1,الهند,لا يوجد,external,تقليدي رد,,1760
6/611,ضيوف البيت,80,اندونيسيا,لا يوجد,external,ترددي,,3681
6/622,ضيوف البيت,62,اندونيسيا,لا يوجد,external,ترددي,,3195
6/631,ضيوف البيت,31,افغانستان,لا يوجد,external,تقليدي رد,,2688
7/56,ضيوف البيت,42,العراق,لا يوجد,external,تقليدي رد,,2134
7/612,ضيوف البيت,68,اندونيسيا,لا يوجد,external,ترددي,,3859
7/613,ضيوف البيت,82,اندونيسيا,لا يوجد,external,ترددي,,2047
7/620,ضيوف البيت,61,اندونيسيا,لا يوجد,external,ترددي,,2979
7/643,ضيوف البيت,48,العراق,لا يوجد,external,تقليدي رد,,2887
7/68,ضيوف البيت,9999,B2C,لا يوجد,external,قطار,,1040
8/114,ضيوف البيت,6,باكستان,لا يوجد,external,تقليدي رد,,2226
8/614,ضيوف البيت,67,اندونيسيا,لا يوجد,external,ترددي,,3668
8/620,ضيوف البيت,86,اندونيسيا,لا يوجد,external,ترددي,,3277
8/631,ضيوف البيت,34,افغانستان,لا يوجد,external,تقليدي رد,,4271
8/641,ضيوف البيت,48,العراق,لا يوجد,external,تقليدي رد,,2239
9/210,ضيوف البيت,24,اليمن,لا يوجد,external,تقليدي رد,,1569
9/50,ضيوف البيت,1,الهند,لا يوجد,external,تقليدي رد,,1416
9/56,ضيوف البيت,46,العراق,لا يوجد,external,تقليدي رد,,3145
9/613,ضيوف البيت,77,اندونيسيا,لا يوجد,external,ترددي,,2762
9/68,ضيوف البيت,9999,B2C,لا يوجد,external,قطار,,1040
I/206,ضيوف البيت,1,متنوع,لا يوجد,external,تقليدي رد,,1399
4/506,طيران ناس,114,بنجلاديش,114,external,تقليدي رد,,1711
78/68,طيران ناس,107,بنجلاديش,107,external,تقليدي رد,,492
B/204,مجموعة سيرا,2,مصر - السياحة,2,external,تقليدي رد,,410
1/425,مشارق الذهبية,11,السنغال,11,external,ترددي,,1835
1/427,مشارق الذهبية,42,السنغال,42,external,ترددي,,247
1/526,مشارق الذهبية,8,نيجيريا,8,external,ترددي,,3405
1/527,مشارق الذهبية,12,نيجيريا,12,external,ترددي,,2953
1/528,مشارق الذهبية,23,نيجيريا,23,external,ترددي,,2231
10/529,مشارق الذهبية,28,نيجيريا,28,external,ترددي,,2951
11/524,مشارق الذهبية,5,نيجيريا,5,external,ترددي,,3666
15/68,مشارق الذهبية,27,اندونيسيا,27,external,تقليدي رد,,61
17/68,مشارق الذهبية,9,اندونيسيا,9,external,تقليدي رد,,1200
25/68,مشارق الذهبية,30,اندونيسيا,30,external,تقليدي رد,,460
27/68,مشارق الذهبية,10,اندونيسيا,10,external,تقليدي رد,,1100
3/15,مشارق الذهبية,24,اندونيسيا,24,external,تقليدي رد,,850
3/528,مشارق الذهبية,26,نيجيريا,26,external,ترددي,,1712
3/531,مشارق الذهبية,40,السنغال,40,external,ترددي,,1186
4/526,مشارق الذهبية,6,نيجيريا,6,external,ترددي,,3597
4/528,مشارق الذهبية,25,نيجيريا,25,external,ترددي,,3647
5/526,مشارق الذهبية,4,نيجيريا,4,external,ترددي,,3659
7/524,مشارق الذهبية,2,نيجيريا,2,external,ترددي,,3283
8/526,مشارق الذهبية,3,نيجيريا,3,external,ترددي,,3196
8/528,مشارق الذهبية,1,نيجيريا,1,external,ترددي,,3252
8/529,مشارق الذهبية,22,نيجيريا,22,external,ترددي,,3183
1/408,مشارق الماسية,800,غينيا كوناكري,800,external,ترددي,,4971
1/518,مشارق الماسية,607,الهند,607,external,تقليدي رد,,1600
1/524,مشارق الماسية,807,اثيوبيا,807,external,ترددي,,2276
1/535,مشارق الماسية,624,ميانمار,624,external,تقليدي رد,,550
1/613,مشارق الماسية,81,متنوع,81,external,ترددي,,1307
1/635,مشارق الماسية,702,لبنان,702,internal,تقليدي رد,,2715
1/637,مشارق الماسية,706,السودان,706,external,تقليدي رد,,2442
10/518,مشارق الماسية,608,الهند,608,external,قطار,,1704
11/50,مشارق الماسية,617,الهند,617,external,تقليدي رد,,2690
13/202,مشارق الماسية,618,الهند,618,external,تقليدي رد,,2829
13/406,مشارق الماسية,806,متنوع,806,external,ترددي,,3532
13/50,مشارق الماسية,614,الهند,614,external,تقليدي رد,,2247
18/421,مشارق الماسية,805,تنزانيا,805,external,ترددي,,2882
2/425,مشارق الماسية,803,متنوع,803,external,ترددي,,3224
2/520,مشارق الماسية,613,الهند,613,external,تقليدي رد,,1888
2/613,مشارق الماسية,79,تايلاند,79,external,ترددي,,4027
2/637,مشارق الماسية,611,الهند,611,external,تقليدي رد,,1872
21/68,مشارق الماسية,113,متنوع,113,external,تقليدي رد,,1017
24/206,مشارق الماسية,701,لبنان,701,external,تقليدي رد,,4204
3/421,مشارق الماسية,804,بنين,804,external,ترددي,,2323
3/518,مشارق الماسية,610,الهند,610,external,تقليدي رد,,1768
3/524,مشارق الماسية,808,اثيوبيا,808,external,ترددي,,3454
3/613,مشارق الماسية,80,تايلاند,80,external,ترددي,,2992
3/637,مشارق الماسية,621,الهند,621,external,تقليدي رد,,3563
30/608,مشارق الماسية,703,السودان,703,external,تقليدي رد,,4423
33/68,مشارق الماسية,704,السودان,704,external,تقليدي رد,,2262
4/520,مشارق الماسية,605,الهند,605,external,تقليدي رد,,1455
4/524,مشارق الماسية,623,ميانمار,623,external,تقليدي رد,,3800
4/56,مشارق الماسية,615,الهند,615,external,تقليدي رد,,2472
4/613,مشارق الماسية,78,الصين,78,external,ترددي,,3578
5/408,مشارق الماسية,801,غينيا كوناكري,801,external,ترددي,,3150
5/508,مشارق الماسية,609,الهند,609,external,قطار,,1762
5/518,مشارق الماسية,602,الهند,602,external,تقليدي رد,,1058
5/631,مشارق الماسية,705,السودان,705,external,تقليدي رد,,4032
5/637,مشارق الماسية,616,الهند,616,external,تقليدي رد,,2591
51/68,مشارق الماسية,604,الهند,604,external,تقليدي رد,,1449
53/68,مشارق الماسية,622,الهند,622,external,تقليدي رد,,3843
6/520,مشارق الماسية,606,الهند,606,external,تقليدي رد,,1575
6/56,مشارق الماسية,601,الهند,601,external,تقليدي رد,,545
6/613,مشارق الماسية,77,الصين,77,external,ترددي,,3330
7/25,مشارق الماسية,700,لبنان,700,internal,تقليدي رد,,681
7/408,مشارق الماسية,802,متنوع,802,external,ترددي,,4065
7/520,مشارق الماسية,620,الهند,620,external,تقليدي رد,,3447
7/637,مشارق الماسية,619,الهند,619,external,تقليدي رد,,3033
8/510,مشارق الماسية,612,الهند,612,external,قطار,,1914
8/520,مشارق الماسية,603,الهند,603,external,تقليدي رد,,1145
8/613,مشارق الماسية,76,الصين,76,external,ترددي,,2899
1/504,مشارق المتميزة,31,بنجلاديش,31,external,تقليدي رد,,2761
1/548,مشارق المتميزة,24,اندونيسيا,24,external,ترددي,,3147
1/550,مشارق المتميزة,20,اندونيسيا,20,external,ترددي,,2013
1/56,مشارق المتميزة,8,باكستان,8,external,تقليدي رد,,477
10/616,مشارق المتميزة,53,اندونيسيا,53,external,ترددي,,3618
12/522,مشارق المتميزة,22,باكستان,22,external,تقليدي رد,,1950
12/616,مشارق المتميزة,52,اندونيسيا,52,external,ترددي,,4442
13/608,مشارق المتميزة,56,اندونيسيا,56,external,ترددي,,3637
13/620,مشارق المتميزة,57,اندونيسيا,57,external,ترددي,,3178
14/620,مشارق المتميزة,51,اندونيسيا,51,external,ترددي,,4137
15/608,مشارق المتميزة,11,اندونيسيا,11,external,ترددي,,4601
16/616,مشارق المتميزة,54,اندونيسيا,54,external,ترددي,,2970
17/608,مشارق المتميزة,17,اندونيسيا,17,external,ترددي,,3812
17/68,مشارق المتميزة,1,اندونيسيا,1,external,تقليدي رد,,1140
18/616,مشارق المتميزة,18,اندونيسيا,18,external,ترددي,,3308
18/620,مشارق المتميزة,9,اندونيسيا,9,external,ترددي,,4370
19/608,مشارق المتميزة,23,اندونيسيا,23,external,ترددي,,3448
2/216,مشارق المتميزة,6,باكستان,6,external,تقليدي رد,,2099
2/548,مشارق المتميزة,59,اندونيسيا,59,external,ترددي,,2559
2/611,مشارق المتميزة,7,اندونيسيا,7,external,ترددي,,3421
2/625,مشارق المتميزة,55,اندونيسيا,55,external,ترددي,,3107
20/616,مشارق المتميزة,15,اندونيسيا,15,external,ترددي,,4079
22/616,مشارق المتميزة,12,اندونيسيا,12,external,ترددي,,4230
23/608,مشارق المتميزة,49,اندونيسيا,49,external,ترددي,,4006
24/616,مشارق المتميزة,3,كازاخستان,3,external,ترددي,,4264
25/608,مشارق المتميزة,13,اندونيسيا,13,external,ترددي,,2259
27/608,مشارق المتميزة,50,اندونيسيا,50,external,ترددي,,4083
29/608,مشارق المتميزة,16,اندونيسيا,16,external,ترددي,,3979
3/15,مشارق المتميزة,43,اندونيسيا,43,external,تقليدي رد,,903
3/522,مشارق المتميزة,4,بنجلاديش,4,external,تقليدي رد,,1874
3/531,مشارق المتميزة,44,بنجلاديش,44,external,ترددي,,129
3/56,مشارق المتميزة,39,باكستان,39,external,تقليدي رد,,298
4/548,مشارق المتميزة,58,اندونيسيا,58,external,ترددي,,2507
4/616,مشارق المتميزة,10,اندونيسيا,10,external,ترددي,,3996
4/625,مشارق المتميزة,33,اندونيسيا,33,external,ترددي,,3168
5/608,مشارق المتميزة,48,اندونيسيا,48,external,ترددي,,3542
5/613,مشارق المتميزة,60,اندونيسيا,60,external,ترددي,,3160
6/112,مشارق المتميزة,47,باكستان,47,external,تقليدي رد,,139
6/62,مشارق المتميزة,29,باكستان,29,external,تقليدي رد,,207
6/625,مشارق المتميزة,19,اندونيسيا,19,external,ترددي,,2832
8/616,مشارق المتميزة,34,اندونيسيا,34,external,ترددي,,2941
9/608,مشارق المتميزة,14,اندونيسيا,14,external,ترددي,,3807
13/520,مكارم اجياد مكة,2,باكستان,لا يوجد,external,تقليدي رد,,2269
2/114,مكارم اجياد مكة,4,باكستان,لا يوجد,external,تقليدي رد,,190
6/216,مكارم اجياد مكة,5,باكستان,لا يوجد,external,تقليدي رد,,1536
6/62,مكارم اجياد مكة,3,باكستان,لا يوجد,external,تقليدي رد,,521
1/406,مناسك المشاعر,2,ايران,2,external,ترددي,,9012
1/415,مناسك المشاعر,1,ايران,1,external,ترددي,,11246
11/406,مناسك المشاعر,10,موريشيوس,10,external,ترددي,,1520
5/406,مناسك المشاعر,3,ايران,3,external,ترددي,,10342
1/112,هوليدي ان بكة,113,اندونيسيا,113,external,تقليدي رد,,2360
1/631,هوليدي ان بكة,21,سوريا,12,external,تقليدي رد,,4600
10/612,هوليدي ان بكة,67,ماليزيا,67,external,ترددي,,4168
11/610,هوليدي ان بكة,69,ماليزيا,69,external,ترددي,,3855
12/522,هوليدي ان بكة,9,باكستان,9,external,تقليدي رد,,933
16/522,هوليدي ان بكة,8,باكستان,8,external,تقليدي رد,,1237
19/68,هوليدي ان بكة,112,متنوع,112,external,تقليدي رد,,5034
2/608,هوليدي ان بكة,63,ماليزيا,63,external,ترددي,,4220
2/62,هوليدي ان بكة,1,باكستان,1,external,تقليدي رد,,2667
2/631,هوليدي ان بكة,22,سوريا,10,external,تقليدي رد,,4623
20/206,هوليدي ان بكة,23,سوريا,11,external,تقليدي رد,,2860
3/56,هوليدي ان بكة,2,باكستان,2,external,تقليدي رد,,980
3/610,هوليدي ان بكة,65,ماليزيا,65,external,ترددي,,4016
4/612,هوليدي ان بكة,64,ماليزيا,64,external,ترددي,,4159
8/612,هوليدي ان بكة,66,ماليزيا,66,external,ترددي,,4284
82/68,هوليدي ان بكة,16,بنجلاديش,5,external,تقليدي رد,,2869
84/68,هوليدي ان بكة,17,بنجلاديش,6,external,تقليدي رد,,2235
9/520,هوليدي ان بكة,3,باكستان,3,external,تقليدي رد,,3317
9/610,هوليدي ان بكة,68,ماليزيا,68,external,ترددي,,4277
28/56,وزارة الحج والعمرة,1,وزارة الحج والعمرة,لا يوجد,internal,قطار,,500
34/56,وزارة الحج والعمرة,1,وزارة الحج والعمرة,لا يوجد,external,قطار,,500
36/56,وزارة الحج والعمرة,1,وزارة الحج والعمرة,لا يوجد,external,قطار,,500
38/56,وزارة الحج والعمرة,1,وزارة الحج والعمرة,لا يوجد,external,قطار,,500
43/56,وزارة الحج والعمرة,1,وزارة الحج والعمرة,لا يوجد,external,قطار,,500
49/56,وزارة الحج والعمرة,1,وزارة الحج والعمرة,لا يوجد,external,قطار,,500
1/116,يسر المشاعر,310,اندونيسيا,310,external,تقليدي رد,,1790
1/425,يسر المشاعر,151,كينيا,151,external,ترددي,,656
10/513,يسر المشاعر,133,بنجلاديش,133,external,قطار,,1828
16/522,يسر المشاعر,210,باكستان,210,external,تقليدي رد,,429
18/520,يسر المشاعر,212,باكستان,212,external,تقليدي رد,,1120
2/216,يسر المشاعر,222,باكستان,222,external,تقليدي رد,,463
2/502,يسر المشاعر,111,بنجلاديش,111,external,تقليدي رد,,1445
20/520,يسر المشاعر,211,باكستان,211,external,تقليدي رد,,1362
3/116,يسر المشاعر,311,اندونيسيا,311,external,تقليدي رد,,1341
3/508,يسر المشاعر,130,بنجلاديش,130,external,قطار,,1678
3/510,يسر المشاعر,221,باكستان,221,external,تقليدي رد,,580
3/520,يسر المشاعر,150,بنجلاديش,150,external,تقليدي رد,,2454
3/56,يسر المشاعر,220,باكستان,220,external,تقليدي رد,,579
4/513,يسر المشاعر,132,بنجلاديش,132,external,قطار,,1209
4/518,يسر المشاعر,110,بنجلاديش,110,external,تقليدي رد,,1855
6/502,يسر المشاعر,120,بنجلاديش,120,external,تقليدي رد,,1315
6/513,يسر المشاعر,113,بنجلاديش,113,external,قطار,,769
6/518,يسر المشاعر,112,بنجلاديش,112,external,تقليدي رد,,1192
7/510,يسر المشاعر,122,بنجلاديش,122,external,تقليدي رد,,50
7/522,يسر المشاعر,140,بنجلاديش,140,external,تقليدي رد,,2421
8/502,يسر المشاعر,121,بنجلاديش,121,external,تقليدي رد,,762
8/513,يسر المشاعر,131,بنجلاديش,131,external,قطار,,1032