رقم العامود,"camera name
(new camera name in config)",رقم الكاميرا,SN ( camera config) ,الاسم المختصر,النوع,الموقع,الإتجاه,الإسم المختصر ( الهيئة ),عدد الكاميرات ,التروية,التصعيد,تصعيد التروية,افاضة,Lat,Lon
123,MNA_EXT_K_KHALID_01,123,BE03CE1PAJ20807,الملك خالد ( العزيزية ),منفذ,منى,مخرج,مخرج 8 منى,2,,,نعم,,21.4074536,39.8767256
123,MNA_EXT_K_KHALID_02,123,BD05AD5PAJ801D0,الملك خالد ( العزيزية ),منفذ,منى,مخرج,مخرج 8 منى,2,,,نعم,,21.4074536,39.8767256
122,MNA_ENT_K_KHALID_02,122,BG12559PAJ0D958,الملك خالد ( العزيزية ),منفذ,منى,مدخل,مدخل 8 منى,2,نعم,,,,21.4072654,39.8769633
3,ARF_ENT_MSH_IN_ARF_MDRING_01,1/3,BE03CE1PAJ55F94,الدائري الأوسط,مسار,عرفات,مدخل,دائري عرفات الاوسط,2,,نعم,,نعم,21.3396519,39.9595938
3,ARF_ENT_MSH_IN_ARF_MDRING_02,2/3,BE03CE1PAJ23D2E,الدائري الأوسط,مسار,عرفات,مدخل,دائري عرفات الاوسط,2,,نعم,,نعم,21.3396519,39.9595938
4,ARF_EXT_MSH_OUT_ARF_MDRING_01,1/4,BE03CE1PAJAAAC0,الدائري الأوسط,مسار,عرفات,مخرج,دائري عرفات الاوسط,2,,,,نعم,21.3398505,39.9592213
4,ARF_EXT_MSH_OUT_ARF_MDRING_02,2/4,BE03CE1PAJ465C1,الدائري الأوسط,مسار,عرفات,مخرج,`,2,,,,نعم,21.3398505,39.9592213
5,TRN_SUP_PKG_EXT_01,5,BD05AD5PAJ31C84,اسناد القطار,مواقف,عرفات,مخرج,مخرج إسناد حافلات القطار,1,نعم,نعم,نعم,نعم,21.3498475,39.9550438
6,TRN_SUP_PKG_ENT_01,6,BE03CE1PAJ61704,اسناد القطار,مواقف,عرفات,مدخل,مدخل إسناد حافلات القطار,1,نعم,نعم,نعم,نعم,21.3518107,39.9537171
7,ARF_EXT_MSH_OUT_ARF_K_AZIZ_01,1/7,BE03CE1PAJB3FD1,الملك عبد العزيز,مسار,عرفات,مخرج,مسار الملك عبدالعزيز,2,,نعم,,نعم,21.3527303,39.9528092
7,ARF_EXT_MSH_OUT_ARF_K_AZIZ_02,2/7,BE03CE1PAJ41BFE,الملك عبد العزيز,مسار,عرفات,مخرج,مسار الملك عبدالعزيز,2,,نعم,,نعم,21.3527303,39.9528092
8,ARF_ENT_MSH_IN_ARF_K_AZIZ_01,1/8,BE03CE1PAJ155AD,الملك عبد العزيز,مسار,عرفات,مخرج,مسار الملك عبدالعزيز,2,,نعم,,نعم,21.3527303,39.9528092
8,ARF_ENT_MSH_IN_ARF_K_AZIZ_02,2/8,BE03CE1PAJE15FB,الملك عبد العزيز,مسار,عرفات,مخرج,مسار الملك عبدالعزيز,2,,نعم,,نعم,21.3527303,39.9528092
50,MNA_ENT_K_KHALID_TNL_IN_MUSM_TO_AZIZIYA_01,50,BE03CE1PAJD3439,الملك خالد ( المعيصم ),منفذ,منى,مدخل,مدخل/مخرج 1 منى,2,نعم,نعم,,,21.4323425,39.8981702
10,ARF_ENT_MKZ_IN_MKZ_PRK_RD26_01,10,BE03CE1PAJB6D00,26B,مواقف,عرفات,مدخل,مدخل موقف 26,1,نعم,نعم,نعم,نعم,21.3496726,39.9463544
50,MNA_ENT_K_KHALID_TNL_IN_MUSM_TO_AZIZIYA_02,50,BD0DECEPAJ5B4A6,الملك خالد ( المعيصم ),منفذ,منى,مدخل,مدخل/مخرج 1 منى,2,نعم,نعم,,,21.4323425,39.8981702
12,ARF_EXT_MSH_OUT_ARF_PRK_RD26_01,12,BE03CE1PAJE0902,26B,مواقف,عرفات,مخرج,مخرج موقف 26,1,نعم,نعم,نعم,نعم,21.3495046,39.9476741
13,ARF_ENT_MKZ_IN_MKZ_PRK_RD26_02,13,BE03CE1PAJD8B71,26B,مواقف,عرفات,مدخل,مدخل موقف 27,1,نعم,نعم,نعم,نعم,21.3485178,39.9510631
14,ARF_EXT_MSH_OUT_ARF_PRK_RD26_02,14,BE03CE1PAJ0033B,26B,مواقف,عرفات,مخرج,مخرج موقف 27,1,نعم,نعم,نعم,نعم,21.3471313,39.9509564
15,ARF_ENT_MKZ_IN_MKZ_BASIN_UNIV1_01,15,BE03CE1PAJ004E2,الجامعة 1,مواقف,عرفات,مدخل,مدخل وعاء الجامعه,1,نعم,نعم,نعم,نعم,21.3445376,39.9516689
16,ARF_EXT_MKZ_OUT_MKZ_BASIN_UNIV1_01,16,BE03CE1PAJ5F850,الجامعة 2,مواقف,عرفات,مدخل,مخرج وعاء الجامعه,1,نعم,نعم,نعم,نعم,21.3424637,39.9535079
17,ARF_EXT_MKZ_OUT_MKZ_BASIN_UNIV1_02,17,BE03CE1PAJA649C,وعاء الجامعة 2,مواقف,عرفات,مخرج,مخرج وعاء الجامعه,1,نعم,نعم,نعم,نعم,21.3424637,39.9535079
18,UNIV_WAA_PKG_EXT_01,18,BE03CE1PAJ90367,الجامعة 1,مواقف,عرفات,مخرج,مخرج وعاء الجامعه,1,نعم,نعم,نعم,نعم,21.3431876,39.9527421
51,MNA_EXT_K_KHALID_TNL_AZIZIYA_TO_MUSM_01,51,BF05681PAJB5120,الملك خالد ( المعيصم ),منفذ,منى,مخرج,مدخل/مخرج 1 منى,2,,نعم,نعم,,21.4323425,39.8981702
51,MNA_EXT_K_KHALID_TNL_AZIZIYA_TO_MUSM_02,51,BF05681PAJB5120,الملك خالد ( المعيصم ),منفذ,منى,مخرج,مدخل/مخرج 1 منى,2,,نعم,نعم,,21.4323425,39.8981702
122,MNA_ENT_K_KHALID_01,122,BD05AD5PAJ28059,الملك عبد العزيز ( محبس الجن ) ,منفذ,منى,مدخل,مدخل/مخرج 8 منى,2,نعم,نعم,,,21.4072654,39.8769633
121,KAZIZ_EXT_MHBS_JIN_02,121,CA04BF4PAJ970CE,الملك عبد العزيز ( محبس الجن ) ,منفذ,منى,مخرج,مدخل/مخرج 8 منى,2,نعم,نعم,,,21.423251,39.8614743
21,PKG_ENT_GEN_SEC,21,CB01675PAJ7C4F4,الامن العام,مواقف,مزدلفة,مدخل,الامن العام,1,نعم,نعم,نعم,نعم,21.3632319,39.9200178
125,MZD_EXT_HARAM_RD_TO_4TH_RNG_01,125,,طريق الملك عبد العزيز الى الدائري الرابع,مسار,منى,مخرج,طريق الملك عبدالعزيز,1,,نعم,,نعم,21.3906873,39.9020279
24,MNA_ENT_MSH_IN_MNA_K_AZIZ_01,1/24,BE03CE1PAJ432E5,الملك عبد العزيز ( محبس الجن ) ,منفذ,منى,مدخل,مدخل/مخرج 8 منى,2,نعم,نعم,,,21.423251,39.8614743
24,MNA_ENT_MSH_IN_MNA_K_AZIZ_02,2/24,BD0DECEPAJBE073,الملك عبد العزيز ( محبس الجن ) ,منفذ,منى,مدخل,مدخل/مخرج 8 منى,2,نعم,نعم,,,21.423251,39.8614743
9,ARF_EXT_MSH_OUT_ARF_RD26_01,9,BE03CE1PAJ7EC84,الملك عبد الله,منفذ,عرفات,مخرج,مدخل/مخرج 1 عرفات,1,,نعم,نعم,نعم,21.3496158,39.9488915
11,ARF_ENT_MSH_IN_ARF_RD26_01,11,BE03CE1PAJADEA6,الملك عبد الله ,منفذ,عرفات,مدخل,مدخل/مخرج 1 عرفات,1,,نعم,نعم,نعم,21.3496158,39.9488915
52,ENT_204_IN_JAM_RD62_02,52,BE03CE1PAJA31CA,سوق العرب من غرب الجمرات,مسار,منى,مدخل,مسار  سوق العرب,2,نعم,نعم,نعم,,21.417631,39.882222
52,ENT_204_IN_JAM_RD62_01,52,BE03CE1PAJ971A8,سوق العرب من غرب الجمرات,مسار,منى,مدخل,مسار سوق العرب,2,نعم,نعم,نعم,,21.417631,39.882222
23,MNA_ENT_K_ABD_AZIZIYA_01,1/23,BD01DC5PAJC969F,الملك عبد الله ( العزيزية ),منفذ,منى,مدخل,مدخل 7 منى,2,نعم,نعم,نعم,,21.404397,39.888435
23,MNA_ENT_K_ABD_AZIZIYA_02,2/23,AL0647DPAJ00007,الملك عبد الله ( العزيزية ),منفذ,منى,مدخل,مدخل 7 منى,2,نعم,نعم,نعم,,21.404397,39.888435
48,MNA_ENT_K_ABD_IN_MUSM_01,48,BG0A56DPAJ54539,الملك عبد الله ( المعيصم ) ,منفذ,منى,مدخل,مدخل/مخرج 2 منى,2,نعم,نعم,نعم,,21.4302109,39.9038149
48,MNA_ENT_K_ABD_IN_MUSM_02,48,BD01DC5PAJ5DEAB,الملك عبد الله ( المعيصم ) ,منفذ,منى,مدخل,مدخل/مخرج 2 منى,2,نعم,نعم,نعم,,21.4302109,39.9038149
49,MNA_EXT_K_ABD_IN_MUSM_01,49,BD01DC5PAJ8F9F4,الملك عبد الله ( المعيصم ) ,منفذ,منى,مخرج,مدخل/مخرج 2 منى,2,نعم,نعم,نعم,,21.4302109,39.9038149
49,MNA_EXT_K_ABD_IN_MUSM_02,49,BG0A56DPAJFBEEB,الملك عبد الله ( المعيصم ) ,منفذ,منى,مخرج,مدخل/مخرج 2 منى,2,نعم,نعم,نعم,,21.4302109,39.9038149
49,MNA_EXT_K_ABD_IN_MUSM_01,49,BD01DC5PAJ8F9F4,الملك عبد الله ( المعيصم ) ,منفذ,منى,مخرج,مدخل/مخرج 2 منى,2,نعم,نعم,نعم,,21.4302109,39.9038149
27,ARF_ENT_MKZ_IN_MKZ_BASIN_UNIV2_01,27,BE03CE1PAJ274E5,الجامعة 2,مواقف,عرفات,مدخل,الجامعة 2,1,نعم,نعم,نعم,نعم,21.3399161,39.9596807
28,ARF_EXT_MKZ_OUT_MKZ_BASIN_UNIV2_01,28,BE03CE1PAJ4AF33,الجامعة 2,مواقف,عرفات,مخرج,الجامعة 2,1,نعم,نعم,نعم,نعم,21.3399205,39.9593605
29,ARF_ENT_EXT_SOQAR_RD_01,29,BC0AFA5PAJ4D6AD,سوق العرب,مسار,عرفات ,مدخل,مسار سوق العرب,2,,نعم,,نعم,21.3622324,39.9605581
29,ARF_ENT_EXT_SOQAR_RD_02,29,BD0DECEPAJ1A7C2,سوق العرب,مسار,عرفات ,مدخل,مسار سوق العرب,2,,نعم,,نعم,21.3622324,39.9605581
30,ARF_ENT_EXT_SOQAR_RD_03,30,BC0AFA5PAJ5406E,سوق العرب,مسار,عرفات,مخرج,مسار سوق العرب,2,,نعم,,نعم,21.362116,39.961014
30,ARF_ENT_EXT_SOQAR_RD_04,30,BD04838PAJD2571,سوق العرب,مسار,عرفات,مخرج,مسار سوق العرب,2,,نعم,,نعم,21.361991,39.96094
31,ARF_ENT_EXT_JWHR1__01,31,BD01DC5PAJ412FF,الجوهرة,مسار,عرفات,مدخل,مسار الجوهرة,2,,نعم,نعم,نعم,21.36141777,39.95895386
31,ARF_ENT_EXT_JWHR1__02,31,AL0647DPAJ00152,الجوهرة,مسار,عرفات,مدخل,مسار الجوهرة,2,,نعم,نعم,نعم,21.36141777,39.95895386
32,ARF_ENT_EXT_JWHR2__01,32,BD01DC5PAJC2CDE,الجوهرة,مسار,عرفات,مخرج,مسار الجوهرة,2,,نعم,نعم,نعم,21.360781,39.960371
32,ARF_ENT_EXT_JWHR2__02,32,,الجوهرة,مسار,عرفات ,مخرج,مسار الجوهرة,2,,نعم,نعم,نعم,21.36064,39.960373
33,ARF_ENT_MSH_IN_ARF_SOQAR_01,33,BD05AD5PAJ0217D,الرد الثاني,مسار,عرفات,مدخل,مسار العودة للرد الثاني,2,,نعم,,,21.3594088,39.9602097
34,ARF_K_FSL_RD_ENT_EXT_01,34,AL0647DPAJ00022,الملك فيصل,مسار,عرفات ,مدخل,مسار الملك فيصل,2,,نعم,نعم,نعم,21.3563216,39.9561475
34,ARF_K_FSL_RD_ENT_EXT_02,34,AL0647DPAJ00115,الملك فيصل,مسار,عرفات ,مدخل,مسار الملك فيصل,2,,نعم,نعم,نعم,21.3563216,39.9561475
35,ARF_ENT_EXT_K_FASL_01,35,AL0647DPAJ00153,الملك فيصل,مسار,عرفات,مخرج,مسار  الملك فيصل,2,,نعم,نعم,نعم,21.3563216,39.9561475
35,ARF_ENT_EXT_K_FASL_02,35,BD01DC5PAJ77248,الملك فيصل,مسار,عرفات ,مخرج,مسار الملك فيصل,2,,نعم,نعم,نعم,21.356973,39.955798
36,ARF_EXT_TRD3_01,36,BD05AD5PAJAE7F7,مسار ترددية 3,مسار,عرفات,مخرج,مسار ترددية 3,1,,نعم,نعم,نعم,21.3753806,39.9692431
37,ARF_ENT_MKZ_IN_MKZ_MKZ_SHUTL3_01,37,BE03CE1PAJ73B84,مخزن ترددية 3,مواقف,عرفات,مدخل,مدخل مخزن ترددي 3,1,نعم,نعم,نعم,نعم,21.3844829,39.9629929
38,ARF_EXT_MSH_OUT_ARF_MKZ_SHUTL3_01,38,BE03CE1PAJ00839,مخزن ترددية 3,مواقف,عرفات,مخرج,مخرج مخزن ترددي 3,1,نعم,نعم,نعم,نعم,21.3794191,39.9662594
39,05_MZD_ROD_EXT,39,CB01675PAJ8020B,مسار ترددية 3,مسار,عرفات,مدخل,مسار ترددية 3,1,,نعم,نعم,نعم,21.3983481,39.9146886
49,MNA_EXT_K_ABD_IN_MUSM_02,49,BG0A56DPAJFBEEB,الملك عبد الله ( المعيصم ) ,منفذ,منى,مخرج,مدخل/مخرج 2 منى,2,نعم,نعم,,,21.4302109,39.9038149
25,ENT_IN_JAM_RD62_02,1/25,,انفاق الملك فهد,منفذ,منى,مدخل,مدخل 12 منى,2,نعم,نعم,,,21.4255734,39.8669671
41,MZD_ENT_TRD3_01,41,BF05681PAJA57AE,مسار ترديية 3,مسار,عرفات,مدخل,مسار ترددية 3,1,,نعم,نعم,نعم,21.3753806,39.9692431
42,MZD_EXT_MSH_OUT_MNA_JWHR,42,BC0AFA5PAJ9F623,الجوهرة,مسار,مزدلفة,مدخل,مسار العودة للرد الثاني,1,,نعم,,نعم,21.393,39.911789
43,MZD_EXT_K_FASL_RD56,43,BD04837PAJ0615A,الجوهرة,مسار,مزدلفة,مخرج,مسار الجوهرة,1,,نعم,نعم,,21.394035,39.910227
44,MNA_ENT_JWHR_MNA_MZD_01,44,BE03CE1PAJEE3A8,الجوهرة,مسار,منى,مخرج,مسار الجوهرة,2,,نعم,نعم,,21.397089,39.905704
44,MNA_ENT_JWHR_MNA_MZD_02,44,BE03CE1PAJ9F193,الجوهرة,مسار,منى,مخرج,مسار الجوهرة,2,,نعم,نعم,,21.397089,39.905704
45,MNA_ENT_MSH_OUT_MNA_JWHR_MNA_MZD_01,45,BE03CE1PAJFAC5E,الجوهرة,مسار,منى,مدخل,مسار الجوهرة,4,,نعم,نعم,,21.397089,39.905704
45,MNA_ENT_MSH_OUT_MNA_JWHR_MNA_MZD_02,45,BE03CE1PAJ8B1DD,الجوهرة,مسار,منى,مدخل,مسار الجوهرة,4,,نعم,نعم,,21.397089,39.905704
45,MNA_ENT_MSH_OUT_MNA_JWHR_MNA_MZD_03,45,,الجوهرة,مسار,منى,مدخل,مسار الجوهرة,4,,نعم,نعم,,21.397089,39.905704
45,MNA_ENT_MSH_OUT_MNA_JWHR_MNA_MZD_04,45,BE03CE1PAJB1100,الجوهرة,مسار,منى,مدخل,مسار الجوهرة,4,,نعم,نعم,,21.397089,39.905704
46,MNA_EXT_MSH_OUT_MNA_SOQAR_MNA_MZD_02,46,BD0DECEPAJE4DC3,سوق العرب,مسار,منى,مدخل,مسار سوق العرب,4,,نعم,,نعم,21.397389,39.907715
46,MNA_EXT_MSH_OUT_MNA_SOQAR_MNA_MZD_03,46,BG0A56DPAJ97495,سوق العرب,مسار,منى,مدخل,مسار سوق العرب,4,,نعم,,نعم,21.397389,39.907715
46,MNA_EXT_MSH_OUT_MNA_SOQAR_MNA_MZD_04,46,BG0A56DPAJAE583,سوق العرب,مسار,منى,مدخل,مسار سوق العرب,4,,نعم,,نعم,21.397389,39.907715
46,MNA_EXT_MSH_OUT_MNA_SOQAR_MNA_MZD_01,46,AL0647DPAJ00117,سوق العرب,مسار,منى,مدخل,مسار سوق العرب,4,,نعم,,نعم,21.397389,39.907715
47,MZD_EXT_MSH_OUT_MZD_SOQAR_MZD_MNA_01,47,BG0A56DPAJ4CA23,سوق العرب,مسار,منى,مخرج,مسار سوق العرب,2,,نعم,,نعم,21.397389,39.907715
47,MZD_EXT_MSH_OUT_MZD_SOQAR_MZD_MNA_02,47,BD01DC5PAJ23C58,سوق العرب,مسار,منى,مخرج,مسار سوق العرب,2,,نعم,,نعم,21.397389,39.907715
25,ENT_IN_JAM_RD62_01,2/25,,انفاق الملك فهد,منفذ,منى,مدخل,مدخل 12 منى,2,نعم,نعم,,,21.4255734,39.8669671
68,MNA_EXT_MSH_01,68,BE03CE1PAJ994E8,انفاق الملك فهد,منفذ,منى,مخرج,مدخل 13 منى,2,,نعم,نعم,,21.4301167,39.8636505
68,MNA_EXT_MSH_02,68,BE03CE1PAJDE253,انفاق الملك فهد,منفذ,منى,مخرج,مدخل/مخرج 13 منى,2,نعم,نعم,نعم,,21.4301167,39.8636505
67,MNA_ENT_K_FHD_TNLS_02,67,BE03CE1PAJF1EE3,انفاق الملك فهد,منفذ,منى,مدخل,مدخل/مخرج 13 منى,2,نعم,نعم,نعم,,21.4299403,39.8636391
25,ENT_IN_JAM_RD62_02,1/25,,انفاق غبر الجمرات,منفذ,منى,مدخل,مدخل/مخرج 13 منى,2,نعم,نعم,نعم,,21.4255734,39.8669671
25,ENT_IN_JAM_RD62_01,2/25,,انفاق غبر الجمرات,منفذ,منى,مدخل,مدخل/مخرج 13 منى,2,نعم,نعم,نعم,,21.4255734,39.8669671
26,MNA_ENT_RD62_W_JAM_LFT_TNL_01,1/26,BE03CE1PAJCE1E4,انفاق غبر الجمرات,منفذ,منى,مدخل,مدخل/مخرج 13 منى,2,نعم,نعم,نعم,,21.4255734,39.8669671
26,MNA_ENT_RD62_W_JAM_LFT_TNL_02,2/26,BE03CE1PAJF5220,انفاق غبر الجمرات,منفذ,منى,مدخل,مدخل/مخرج 13 منى,2,نعم,نعم,نعم,,21.4255734,39.8669671
54,WST_YARD_ENT_RD50_TNL_01,54,BE03CE1PAJD3121,بن داؤود الششة,منفذ,منى,مدخل,مدخل/مخرج 10 منى,2,نعم,نعم,نعم,,21.4242629,39.8629183
54,WST_YARD_ENT_RD50_TNL_02,54,BE03CE1PAJ07669,بن داؤود الششة,منفذ,منى ,مدخل,مدخل/مخرج 10 منى,2,نعم,,نعم,,21.4242629,39.8629183
124,MNA_EXT_DQM_WBR_3RD_RNG_01,124,BD04838PAJ563A0,دقم الوبر,منفذ,منى,مخرج,مدخل/مخرج 6 منى,2,نعم,,نعم,,21.3926719,39.8996823
53,ARF_ENT_RD23_01,53,CA04BF4PAJ7B89C,طريق الملك فهد الى 23,مسار,منى,مدخل,طريق الملك فهد,1,نعم,,نعم,,21.413358,39.893567
124,MNA_EXT_DQM_WBR_3RD_RNG_02,124,BD04838PAJ14F11,دقم الوبر,منفذ,منى,مخرج,مدخل/مخرج 6 منى,2,نعم,,نعم,,21.3926719,39.8996823
22,MNA_ENT_DQM_WBR_3RD_RNG_01,1/22,BE03CE1PAJ1C427,دقم الوبر,منفذ,منى,مدخل,مدخل/مخرج 6 منى,2,نعم,,نعم,,21.392672,39.899682
22,MNA_ENT_DQM_WBR_3RD_RNG_02,2/22,BE03CE1PAJ824C3,دقم الوبر,منفذ,منى,مدخل,مدخل/مخرج 6 منى,2,نعم,,نعم,,21.392672,39.899682
56,MZD_IN_4TH_RNG_RD62,56,BC0AFA5PAJE17AC,سوق العرب الى الدائري الرابع,مسار,مزدلفة,مخرج,مسار سوق العرب,1,,,,نعم,21.3961026,39.9113493
57,ARF_ENT_BIN_DBS_RD62,57,BG0A56DPAJ4E218,سوق العرب الى الرد الثاني,مسار,منى,مدخل,مسار الرد الثاني,1,,,,نعم,21.3946002,39.9138759
58,MNA_MZD_ARF_RD50_ENT_EXT_01,58,BE03CE1PAJ0A72E,الملك فيصل,مسار,منى, ,مسار الملك فيصل,2,,,نعم,,21.3879929,39.9092551
58,MNA_MZD_ARF_RD50_ENT_EXT_02,58,BE03CE1PAJ523ED,الملك فيصل,مسار,منى, ,مسار الملك فيصل,2,,,نعم,,21.3879929,39.9092551
59,MZD_K_FSL_RAMP_ROYAL_PALACE_01,59,AL0647DPAJ00123,القصر الملكي,مسار,مزدلفة,مدخل,مسار القصر الملكي,1,,,,نعم,21.388881,39.904344
60,MZD_ENT_EXT_ROYAL_PALACE_RD44_01,60,AL0647DPAJ00146,القصر الملكي,مسار,مزدلفة,مدخل,مسار القصر الملكي,2,,,,نعم,21.3891667,39.9042947
60,MZD_ENT_EXT_ROYAL_PALACE_RD44_02,60,AL0647DPAJ00125,القصر الملكي,مسار,مزدلفة,مدخل,مسار القصر الملكي,2,,,,نعم,21.3891667,39.9042947
61,MZD_EXT_RD38_01,61,BG0A56DPAJ71DBB,الملك عبد العزيز,مسار,منى,مخرج,مسار الملك عبدالعزيز,2,,,,نعم,21.3865237,39.9037308
61,MZD_EXT_RD38_02,61,BG0A56DPAJ62EAB,الملك عبد العزيز,مسار,منى,مخرج,مسار الملك عبدالعزيز,2,,,,نعم,21.3865237,39.9037308
62,MZD_ENT_RD38_01,62,BE03CE1PAJA5408,الملك عبد العزيز  ,مسار,مزدلفة,مدخل,مسار الملك عبدالعزيز,2,,,,نعم,21.3865237,39.9037308
62,MZD_ENT_RD38_02,62,BE03CE1PAJB997E,الملك عبد العزيز,مسار,منى,مدخل,مسار الملك عبدالعزيز,2,,,,نعم,21.3865237,39.9037308
63,MZD_MBIT_PKG_EXT_RD62_01,63,BE03CE1PAJ12630,مواقف سوق العرب مزدلفة,مواقف,مزدلفة,مخرج,مواقف طريق  62 مزدلفة,1,نعم,نعم,نعم,نعم,21.3844723,39.9242229
64,MZD_MBIT_PKG_ENT_RD64_01,64,BE03CE1PAJ20375,مواقف سوق العرب مزدلفة,مواقف,مزدلفة,مدخل,مواقف طريق  62 مزدلفة,1,نعم,نعم,نعم,نعم,21.381286,39.9256216
65,TRD1_PKG_EXT_01,65,BE03CE1PAJ6636F,مخزن ترددي 1,مواقف,مزدلفة,مخرج,مخرج مخزن ترددي 1,1,نعم,نعم,نعم,نعم,21.3688958,39.9542277
66,TRD2_PKG_EXT_01,66,BF05681PAJD547D,مخزن ترديية 1,مواقف,مزدلفة ,مخرج,مخرج مخزن ترددي 1,1,نعم,نعم,نعم,نعم,21.36805534,39.95726013
67,MNA_ENT_K_FHD_TNLS_01,67,BE03CE1PAJ82D89,مخزن ترددية 2,مواقف,مزدلفة ,مخرج,مدخل 13 منى,2,نعم,نعم,نعم,نعم,21.4299403,39.8636391
26,MNA_ENT_RD62_W_JAM_LFT_TNL_01,1/26,BE03CE1PAJCE1E4,سوق العرب,منفذ,منى,مدخل,مدخل/مخرج 12 منى,2,نعم,,نعم,,21.4255734,39.8669671
26,MNA_ENT_RD62_W_JAM_LFT_TNL_02,2/26,BE03CE1PAJF5220,سوق العرب,منفذ,منى,مدخل,مدخل/مخرج 12 منى,2,نعم,,نعم,,21.4255734,39.8669671
55,MZD_ENT_4TH_RNG_RD62_01,55,BE03CE1PAJ64058,سوق العرب من الدائري الرابع,منفذ,منى ,مدخل,مدخل 5 منى,1,نعم,,,,21.398147,39.905589
69,TRD_MKZ_EXT_01,69,BE03CE1PAJF2A16,مخزن ترددية 2,مواقف,منى,مخرج,مخرج مخزن ترددي 2,1,نعم,نعم,نعم,نعم,21.3780588,39.9428917
70,TRD2_EXT_02,70,BE03CE1PAJF7D75,ترددية 2,مواقف,مزدلفة ,مخرج,مخرج مخزن ترددي 2,1,نعم,نعم,نعم,نعم,21.381483,39.9413742
71,TRD_MKZ_EXT_03,71,BE03CE1PAJ0C00F,ترددية 2,مواقف,مزدلفة ,مخرج,مخرج مخزن ترددي 2,1,نعم,نعم,نعم,نعم,21.3842344,39.9401264
72,TRD_MKZ_ENT_01,72,BE03CE1PAJA0918,ترددية 2,مواقف,مزدلفة ,مخرج,مدخل مخزن ترددي 2,1,نعم,نعم,نعم,نعم,21.389689,39.9391762
73,TRD_MKZ_ENT_02,73,BE03CE1PAJ5180B,ترددية 2,مواقف,مزدلفة ,مدخل,مدخل مخزن ترددي 2,1,نعم,نعم,نعم,نعم,21.3810216,39.9437638
74,TRD1_MKZ_EXT_01,74,BE03CE1PAJF98DB,مخزت ترددية 1,مواقف,مزدلفة ,مخرج,مخرج مخزن ترددي 1,1,نعم,نعم,نعم,نعم,21.3666727,39.9631454
75,TRD1_MKZ_EXT_02,75,BE03CE1PAJ70A29,مخزن ترددية 1,مواقف,مزدلفة ,مخرج,مخرج مخزن ترددي 1,1,نعم,نعم,نعم,نعم,21.3672485,39.9601638
76,TRD_A1_MKZ_ENT_01,76,BE03CE1PAJBF99A,مخزن ترددية 1,مواقف,مزدلفة ,مدخل,مدخل مخزن ترددي 1,1,نعم,نعم,نعم,نعم,21.3697235,39.9501146
77,TRD1_MKZ_ENT_02,77,BE03CE1PAJ98B4A,مخزنت  ترددية  1,مواقف,مزدلفة ,مدخل,مدخل مخزن ترددي 1,1,نعم,نعم,نعم,نعم,21.369572,39.960622
78,ARF_TRD2_EXT_01,78,BE03CE1PAJ85015,مسار ترددية 2,مسار,عرفات,مدخل,مسار ترددية 2,1,,,نعم,نعم,21.3678292,39.9663644
79,ARF_TRD2_ENT_01,79,BE03CE1PAJ46C01,مسار ترددية 2,مسار,عرفات,مخرج,مسار ترددية 2,1,,,نعم,نعم,21.3678292,39.9663644
80,ARF_ENT_TRD1_GATE_1B,80,BE03CE1PAJE0297,مسار ترددية 1 - ب,مسار,عرفات,مدخل,مسار ترددية 1,1,,,نعم,نعم,21.364672,39.968761
81,ARF_ENT_TRD1_GATE_1A,81,BE03CE1PAJ01D14,مسار ترددية 1 - أ,مسار,عرفات,مخرج,مسار ترددية 1,1,,,نعم,نعم,21.3650145,39.9713791
82,PKG_ENT_100_420,82,BE03CE1PAJE3508,موقف 420-100,مواقف,عرفات,مدخل,موقف 420-100,1,نعم,نعم,نعم,نعم,21.357653,39.971972
83,PKG_ENT_200_RD62,83,BE03CE1PAJEB238,مسار ترددية 1 - ب,مواقف,عرفات,مدخل,مسار ترددية 1 - ب,1,نعم,نعم,نعم,نعم,21.3557395,39.9771449
84,PKG_ENT_350_RD56,84,CA04BF4PAJ9C146,مسار ترددية 1 - أ,مواقف,عرفات,مدخل,مسار ترددية 1 - أ,1,نعم,نعم,نعم,نعم,21.3551522,39.9705731
85,PKG_ENT_300_RD56,85,CA04BF4PAJ2B433,مسار ترددية 1 - أ,مواقف,عرفات,مدخل,مسار ترددية 1 - أ,1,نعم,نعم,نعم,نعم,21.3503999,39.9773775
86,PKG_ENT_250_RD56,86,CA04BF4PAJ61944,مسار ترددية 1 - أ,مواقف,عرفات,مدخل,مسار ترددية 1 - أ,1,نعم,نعم,نعم,نعم,21.3498725,39.9799515
87,PKG_ENT_200_RD56,87,CB01675PAJE34FD,مسار ترددية 1 - ب,مواقف,عرفات,مدخل,مسار ترددية 1 - ب,1,نعم,نعم,نعم,نعم,21.3478318,39.9819172
88,PKG_ENT_150_RD56,88,CB01675PAJ9C2A7,مسار ترددية 1 - ب,مواقف,عرفات,مدخل,مسار ترددية 1 - ب,1,نعم,نعم,نعم,نعم,21.345455,39.9847469
89,PKG_ENT_300_RD83,89,CB01675PAJ6B020,مسار ترددية 1 - ب,مواقف,عرفات,مدخل,مسار ترددية 1 - ب,1,نعم,نعم,نعم,نعم,21.3474143,39.988154
90,PKG_ENT_150_RD62,90,CB01675PAJC27D5,مسار ترددية 1 - ب,مواقف,عرفات,مدخل,مسار ترددية 1 - ب,1,نعم,نعم,نعم,نعم,21.3471007,39.9927479
91,PKG_ENT_100_RD62,91,,مسار ترددية 1 - أ,مواقف,عرفات,مدخل,مسار ترددية 1 - أ,1,نعم,نعم,نعم,نعم,21.3456582,39.9951827
92,ARF_HAJJ_BR_E_RNG_PKG_ENT_01,92,BE03CE1PAJ7CA17,62-100,مواقف,عرفات,مدخل,62-100,1,نعم,نعم,نعم,نعم,21.3410472,39.9964444
93,ARF_HAJJ_BR_E_RNG_PKG_ENT_02,93,BF05681PAJ95A81,حجاج البر,مواقف,عرفات,مدخل,حجاج البر,1,نعم,نعم,نعم,نعم,21.3470177,39.9975749
94,ARF_ENT_MUGHAMAS_RD_01,94,BF05681PAJBE24D,91-700,مواقف,عرفات,مدخل,مدخل 6 عرفات,1,نعم,نعم,نعم,نعم,21.3793816,39.9895886
95,TRD_ZIL_01,95,CA04BF4PAJF30B8,مسار ترددية 1 - ب,مسار,عرفات,مدخل,مسار ترددية 1,1,,,نعم,نعم,21.4042581,39.902386
96,RBWAH_RD1_ENT_01,96,,مسار ترددية 1 - أ,مسار,منى,مدخل,مسار ترددية 1,1,,,نعم,,21.4082699,39.8978574
97,K_FHD_CURVE_ENT_01,97,CB01675PAJE7F13,مسار ترددية 1 - أ,مسار,منى,مدخل,مسار ترددية 1,1,,,نعم,,21.4119543,39.9005173
98,K_FHD_CURVE_EXT_01,98,CA04BF4PAJC9A3B,مسار ترددية 1 - أ,مسار,منى,مدخل,مسار ترددية 1,1,,,نعم,,21.4119543,39.9005173
99,MNA_RTN2_BIN_DBS_BRG_RD56_TO_RD62_01,99,CA04BF4PAJF17C3,العودة للرد الثاني - جسر بن دبيس,مسار,مزدلفة,مدخل,مسار العودة للرد الثاني,1,,,,نعم,21.3906913,39.9110501
100,MNA_RTN2_RD50_JBL_LOOP_01,100,CA04BF4PAJE771C,العودة للرد الثاني - الجبل,مسار,مزدلفة,مدخل,مسار العودة للرد الثاني,1,,,,نعم,21.3853942,39.9170104
101,MZD_RD56_UP_4TH_RNG_LFT_01,101,CA04BF4PAJ5F4C8,مسار ٥٦ مزدلفة صعود الدائري الرابع يسار,مسار,مزدلفة,مخرج,مسار الجوهرة,1,,,,نعم,21.3966567,39.9064445
102,MSTBA_RD1_EXT_01,102,CB01675PAJ3CA9E,مسار ترددية 1 - ب,مسار,مزدلفة,مدخل,مسار ترددية 1,1,,,نعم,,21.4034818,39.9021741
103,MSTBA_RD1_ENT_01,103,CA04BF4PAJ36540,مسار ترددية 1 - ب,مسار,مزدلفة,مدخل,مسار ترددية 1,1,,,نعم,,21.4034818,39.9021741
104,TRD1_ROAD_A_ENT_01,104,CA04BF4PAJ04E0B,مسار ترددية 1 - ب,مسار,مزدلفة,مدخل,مسار ترددية 1,1,,,نعم,,21.4013788,39.9104615
105,TRD1_ROAD_A_EXT_01,105,CB01675PAJ1B7E1,مسار ترددية 1 - ب,مسار,مزدلفة,مدخل,مسار ترددية 1,1,,,نعم,,21.4013788,39.9104615
106,MZD_TRD2_ENT_01,106,,مسار ترددية 1 - أ,مسار,مزدلفة,مدخل,مسار ترددية 1,1,,,نعم,,21.3994322,39.9136778
107,MZD_TRD2_EXT_01,107,,مسار ترددية 2,مسار,مزدلفة, ,مسار ترددية 2,1,,,نعم,,21.3994322,39.9136778
121,KAZIZ_EXT_MHBS_JIN_01,121,CA04BF4PAJ07B27,طريق الملك عبدالعزيز,منفذ,منى,مخرج,مدخل/مخرج 9 منى,2,نعم,,نعم,,21.423251,39.8614743
109,MZD_MBIT_PKG_EXT_RD26_01,109,BM12913PAJE2E87,موقف 26,مواقف,مزدلفة,مخرج,موقف 26,1,نعم,نعم,نعم,نعم,21.3773888,39.9213066
110,MZD_MBIT_PKG_ENT_RD26_01,110,BD04838PAJ7CFE4,الامن العام,مواقف,مزدلفة,مخرج,الامن العام,1,نعم,نعم,نعم,نعم,21.3720983,39.9245618
111,PKG_ENT_200_RD83_02,111,CB01675PAJEAAD3,الامن العام,مواقف,مزدلفة,مدخل,الامن العام,1,نعم,نعم,نعم,نعم,21.3632319,39.9200178
112,PKG_ENT_100_RD52,112,CB01675PAJ1277C,83-200,مواقف,عرفات,مدخل,موقف 200-83,1,نعم,نعم,نعم,نعم,21.3445594,39.9770815
113,PKG_ENT_150_RD52,113,CB01675PAJ028D1,52-100,مواقف,عرفات,مدخل,موقف 100-52,1,نعم,نعم,نعم,نعم,21.3459319,39.9748201
114,PKG_ENT_200_RD52,114,CB01675PAJ36277,52-150,مواقف,عرفات,مدخل,موقف 150-52,1,نعم,نعم,نعم,نعم,21.3478721,39.9715488
115,PKG_ENT_250_RD52,115,CB01675PAJ2E2CC,52-200,مواقف,عرفات,مدخل,موقف 200-52,1,نعم,نعم,نعم,نعم,21.3486318,39.9703428
116,PKG_ENT_200_RD83,116,CA04BF4PAJ9FE31,52-250,مواقف,عرفات,مدخل,موقف 250-52,1,نعم,نعم,نعم,نعم,21.3437837,39.9855362
117,ARF_TELECOM_PKG_ENT_01,117,BD04838PAJC6E17,83-200,مواقف,عرفات,مدخل,موقف 200-83,1,نعم,نعم,نعم,نعم,21.3318635,39.9981911
118,ARF_SAD_RD_MSH_PKG_ENT_02,118,BD0DECEPAJF2C48,الاتصالات ,مواقف,عرفات,مدخل,موقف الاتصالات,1,نعم,نعم,نعم,نعم,21.329667,40.0030852
119,ARF_SAD_RD_MSH_PKG_ENT_01,119,BE03CE1PAJDC7E8,طريق صاد,منفذ,عرفات,مدخل,مدخل 5 عرفات,1,,نعم,,,21.3285424,40.0053808
1,ARF_ENT_MSH_IN_ARF_BRG_UNIV_01,1,BE03CE1PAJ9F8F3,كبري الجامعة,منفذ,عرفات,مدخل,مدخل/مخرج 3 عرفات,1,,نعم,,نعم,21.328687,39.9681232
2,ARF_EXT_MSH_OUT_ARF_BRG_UNIV_02,2,BC0AFA5PAJD7B54,كبري الجامعة,منفذ,عرفات,مخرج,مدخل/مخرج 3 عرفات,1,,نعم,,نعم,21.328687,39.9681232
2,ARF_EXT_MSH_OUT_ARF_BRG_UNIV_01,2,BD05AD5PAJ37993,كبري الجامعة,منفذ,عرفات,مخرج,مدخل/مخرج 3 عرفات,1,,نعم,,نعم,21.328687,39.9681232
108,TRD1_ENT_FROM_MUSM_01,108,BE03CE1PAJ9D188,مدخل ترددية 1 من الدائري الرابع,منفذ,منى,مدخل,مدخل 3 منى,1,نعم,,,,21.4093477,39.9113389
40,RNG4_ENT_TRD2_3_01,40,BE03CE1PAJ7D342,مدخل ترددية 2/3 الدائري الرابع,منفذ,منى,مدخل,مدخل 4 منى,1,نعم,نعم,,,21.401622,39.91458
120,ARF_ENT_RD17_01,120,BD05AD5PAJ33DDE,مسار طريق 17 صاد,منفذ,عرفات,مدخل,مدخل 5 عرفات,1,,نعم,,نعم,21.3296596,40.0032726
19,ARF_ENT_MSH_IN_ARF_TNL_UNIV1_01,1/19,AL0647DPAJ00116,نفق الجامعة,منفذ,عرفات,مدخل,مدخل/مخرج 2 عرفات,2,,نعم,,نعم,21.3394961,39.9483329
19,ARF_ENT_MSH_IN_ARF_TNL_UNIV1_02,2/19,,نفق الجامعة,منفذ,عرفات,مدخل,مدخل/مخرج 2 عرفات,2,,نعم,,نعم,21.3394961,39.9483329
20,ARF_EXT_UNIV_TNL_01,1/20,CB05976PAJ0AEAE,نفق الجامعة,منفذ ,عرفات,مخرج,مدخل/مخرج 2 عرفات,2,,نعم,,نعم,21.3394961,39.9483329
20,ARF_EXT_UNIV_TNL_02,2/20,CB05976PAJB0CF5,نفق الجامعة,منفذ ,عرفات,مخرج,مدخل/مخرج 2 عرفات,2,,نعم,,نعم,21.3394961,39.9483329
126,MZD_EXT_TO_MNA_HARAM_RD_01,126,BD05AD5PAJF60EA,الملك عبد العزيز ( الدائرى الرابع ),مسار,مزدلفة,مخرج,مسار الملك عبدالعزيز,2,,,,نعم,21.391194,39.9016846
126,MZD_EXT_TO_MNA_HARAM_RD_02,126,,الملك عبد العزيز الى الدائري الرابع,مسار,مزدلفة,مخرج,مسار الملك عبدالعزيز,2,,,,نعم,21.391194,39.9016846
127,MNA_EXT_K_ABD_TO_AZIZIYA_01,127,BG12559PAJ7C4C5,الملك عبدالله,رصد استباقي,منى ,مدخل,الملك عبدالله رصد استباقي,2,نعم,,نعم,,21.4009377,39.8864406
127,MNA_EXT_K_ABD_TO_AZIZIYA_02,127,BD0DECEPAJ2E182,رصد استباقي الملك عبدالله,نقطة رصد استباقي,منى,مخرج,الملك عبدالله رصد استباقي,2,نعم,,نعم,,21.4009377,39.8864406
128,ARF_PKG_ENT_MDRING_RGT_01,128,BL11B23PAJB6CCC,موقف 150-83,مواقف,منى,مدخل,موقف 150-83,1,نعم,نعم,نعم,نعم,21.3395173,39.9598543
129,ROYAL_PALACE_RD44_ENT_01,129,BD04838PAJA3C96,حجاج الداخل,مواقف,عرفات,مدخل,موقف حجاج الداخل,2,نعم,نعم,نعم,نعم,21.3568505,39.9555172
129,ROYAL_PALACE_RD44_ENT_02,129,BG12559PAJ47936,القصر الملكي,مسار,عرفات,مدخل,مسار القصر الملكي,2,,,,نعم,21.3568505,39.9555172
130,ROYAL_PALACE_RD44_EXT_01,130,,القصر الملكي,مسار,عرفات,مخرج,مسار القصر الملكي,2,,,,نعم,21.3568505,39.9555172
130,ROYAL_PALACE_RD44_EXT_02,130,,القصر الملكي,مسار,عرفات,مخرج,مسار القصر الملكي,2,,,,نعم,21.35685744,39.95552485
131,PKG_ENT_SAD_RD_01,131,CB05976PAJC77CE,وعاء صاد,مواقف,عرفات,مدخل,مدخل وعاء ص,2,نعم,نعم,نعم,نعم,21.334604,39.9938547
131,PKG_ENT_SAD_RD_02,131,,صاد,مواقف,عرفات,مدخل,مدخل وعاء ص,2,نعم,نعم,نعم,نعم,21.334604,39.9938547
132,PKG_ENT_HAJJ_BR_W_RNG_01,132,,صاد,مواقف,عرفات,مدخل,مدخل حجاج البر,2,نعم,نعم,نعم,نعم,21.3350131,39.9862332
132,PKG_ENT_HAJJ_BR_W_RNG_02,132,,حجاج البر,مواقف,عرفات,مدخل,مدخل حجاج البر,2,نعم,نعم,نعم,نعم,21.3350131,39.9862332
133,PKG_EXT_HAJJ_BR_02,133,CB05976PAJ5D4AF,حجاج البر,مواقف,عرفات,مدخل,مخرج ٤ عرفات,1,نعم,نعم,نعم,نعم,21.3294128,39.9875937
134,PKG_EXT_HAJJ_BR1,134,CB05976PAJ5188F,حجاج البر,مواقف,عرفات,مخرج,مدخل ٤ عرفات,2,نعم,نعم,نعم,نعم,21.3298035,39.9906572
134,PKG_ENT_HAJJ_BR1,134,BM12913PAJ06A02,حجاج البر,مواقف,عرفات,مدخل,مدخل ٤ عرفات,2,نعم,نعم,نعم,نعم,21.3298035,39.9906572
135,PKG_ENT_SAUDIA_SAD_RD_01,135,CB01675PAJ47400,حجاج البر,مواقف,عرفات,مدخل,حجاج البر,2,نعم,نعم,نعم,نعم,21.3333332,39.9971414
135,PKG_ENT_SAUDIA_SAD_RD_02,135,CB05976PAJ1CBBD,الخطوط السعودية,مواقف,عرفات,مدخل,موقف الخطوط السعودية,2,نعم,نعم,نعم,نعم,21.3333332,39.9971414
136,ARF_ENT_24_01,136,CB05976PAJ71EB1,الخطوط السعودية,مواقف,عرفات,مدخل,موقف الخطوط السعودية,1,نعم,نعم,نعم,نعم,21.3403189,39.9959636
137,ARF_TRAIN_ST1_PKG_ENT_01,137,BE03CE1PAJ51FE6,الدائري الشرقي ( السودان ) ,مواقف,عرفات,مدخل,الدائري الشرقي ( السودان ) ,1,نعم,نعم,نعم,نعم,21.3343057,39.9809301
138,ARF_TRAIN_ST1_PKG_EXT_01,138,BD05AD5PAJ37993,الدائري الشرقي ( محطة عرفات 1 ) ,مواقف,عرفات,مدخل,موقف الدئري الشرقي (عرفات 1),1,نعم,نعم,نعم,نعم,21.3344906,39.9830393
139,TRN_SUP_PKG_EXT_02,139,CB01675PAJC27CD,الدائري الشرقي ( محطة عرفات 1 ) ,مواقف,عرفات,مخرج,موقف اسناد القطار,1,نعم,نعم,نعم,نعم,21.349856,39.960169
140,TRN_SUP_PKG_ENT_02,140,CB01675PAJ9FB72,اسناد القطار,مواقف,عرفات,مخرج,موقف الطواري,1,نعم,نعم,نعم,نعم,21.349856,39.960169
141,ARF_BRG_UNIV_PKG_ENT_01,141,CB05976PAJ8B17F,اسناد القطار,مواقف,عرفات,مدخل,موقف الطواري,1,نعم,نعم,نعم,نعم,21.3300003,39.9687998
142,ARF_BRG_UNIV_PKG_EXT_01,142,CB01675PAJ4D033,كبري الجامعة ,مواقف,عرفات,مدخل,موقف الطواري,1,نعم,نعم,نعم,نعم,21.3326246,39.9695036
143,PKG_ENT_MUGHAMAS_RD,143,CB01675PAJ68980,كبري الجامعة ,مواقف,عرفات,مخرج,موقف كبري الجامعة,1,نعم,نعم,نعم,نعم,21.378588,39.9899866
144,PKG_ENT_20,144,CB01675PAJ2A598,المغمس,مواقف,عرفات,مدخل,موقف المغمس,1,نعم,نعم,نعم,نعم,21.3389658,39.9951535
145,PKG_EXT_MDRING_RGT,145,CB05976PAJD648D,موقف الدائري الاوسط,مواقف,عرفات,مدخل,موقف الدائري الاوسط,1,نعم,نعم,نعم,نعم,21.3396047,39.9601557
146,MZD_EXT_HARAM_RD_TO_4TH_RNG_N_01,146,CB01675PAJFD794,حجاج الداخل,مواقف,عرفات,مخرج,حجاج الداخل,1,نعم,نعم,نعم,نعم,21.3866986,39.9038066
147,MNA_EXT_HARAM_RD_TO_MZD_01,147,CB01675PAJC84AF,الملك عبدالعزيز الى مزدلفة,مسار,مزدلفة,مخرج,مسار الملك عبدالعزيز الى مزدلفة,2,,,,نعم,21.3883831,39.9023877
147,MNA_EXT_HARAM_RD_TO_MZD_02,147,CB01675PAJ2F586,الملك عبدالعزيز الى مزدلفة,مسار,مزدلفة,مخرج,مسار المسجد الحرام,2,,,,نعم,21.3883831,39.9023877
148,4TH_RNG_PRE_SORT_01,148,CB01675PAJB0A58,الملك عبد العزيز,نقطة رصد استباقي,مزدلفة,مدخل,طريق الملك عبدالعزيز - رصد استباقي,2,نعم,نعم,,,21.3640977,39.8856789
148,4TH_RNG_PRE_SORT_02,148,,العوالي,نقطة رصد استباقي,مكة المكرمة,مدخل,العوالي,2,نعم,نعم,,,21.3640977,39.8856789
149,PKG_EXT_200_83,149,CB01675PAJ2FCC8,موقف 200-83,مواقف,عرفات,مدخل,موقف 200-83,1,نعم,نعم,نعم,نعم,21.3451599,39.9857521
150,PKG_EXT_56_150,150,CA04BF4PAJ2EE72,موقف 56-150,مواقف,عرفات,مدخل,موقف 56-150,1,نعم,نعم,نعم,نعم,21.3435336,39.9900892
151,PKG_EXT_200_56,151,BM12913PAJ370C5,موقف 200-56,مواقف,عرفات,مدخل,موقف 200-56,1,نعم,نعم,نعم,نعم,21.3483617,39.981136
152,PKG_EXT_250_56,152,CB01675PAJ6FA92,موقف 250-56,مواقف,عرفات,مدخل,موقف 250-56,1,نعم,نعم,نعم,نعم,21.350568,39.978155
153,PKG_EXT_300_56,153,CB01675PAJ8572A,موقف 300-56,مواقف,عرفات,مدخل,موقف 300-56,1,نعم,نعم,نعم,نعم,21.351578,39.975656
154,PKG_EXT_100_56,154,CA04BF4PAJ5221D,موقف 100-56,مواقف,عرفات,مدخل,موقف 100-56,1,نعم,نعم,نعم,نعم,21.343526,39.99015